id,sel_interval,period,step,vol_btc,vol_usd,bal_btc,bal_usd,old_ord,max_usage,margin,per,current_price,start_sum,total_sum,bal_margin,duration
2015_01*w*step7oldord1margin0.05per30,2015_01*w*,1440,7,0.03894,12.50,0.77882,250.00,1,70,0.050,30,264.00,455.61,449.46,-1.37,0:00:15.094819
2015_02*w*step3oldord5margin0.05per30,2015_02*w*,1440,3,0.04727,12.50,0.94543,250.00,5,70,0.050,30,266.39,501.85,517.65,3.05,0:00:37.382829
2015_03*w*step7oldord5margin0.015per30,2015_03*w*,1440,7,0.04697,12.50,0.93932,250.00,5,70,0.015,30,211.85,448.99,451.94,0.65,0:00:42.344232
2015_04*w*step7oldord1margin0.05per30,2015_04*w*,1440,7,0.05900,12.50,1.18008,250.00,1,70,0.050,30,255.31,551.29,549.40,-0.34,0:00:38.046285
2015_05*w*step7oldord5margin0.025per30,2015_05*w*,1440,7,0.04897,12.50,0.97941,250.00,5,70,0.025,30,226.93,472.26,472.41,0.03,0:00:28.992296
2015_06*w*step1oldord1margin0.005per30,2015_06*w*,1440,1,0.05504,12.50,1.10084,250.00,1,70,0.005,30,223.88,496.46,525.18,5.47,0:00:35.839559
2015_07*w*step3oldord1margin0.005per30,2015_07*w*,1440,3,0.05582,12.50,1.11647,250.00,1,70,0.005,30,235.63,513.07,526.83,2.61,0:00:39.382603
2015_08*w*step1oldord5margin0.05per30,2015_08*w*,1440,1,0.05305,12.50,1.06108,250.00,5,70,0.050,30,236.50,500.95,509.94,1.76,0:00:40.431540
2015_09*w*step1oldord1margin0.005per30,2015_09*w*,1440,1,0.05285,12.50,1.05708,250.00,1,70,0.005,30,258.34,523.09,530.89,1.47,0:00:35.964588
2015_10*w*step1oldord1margin0.01per30,2015_10*w*,1440,1,0.04839,12.50,0.96772,250.00,1,70,0.010,30,275.00,516.12,528.13,2.27,0:00:37.050464
2015_11*w*step3oldord1margin0.05per30,2015_11*w*,1440,3,0.04545,12.50,0.90909,250.00,1,70,0.050,30,286.75,510.68,525.05,2.74,0:00:31.924416
2015_12*w*step3oldord1margin0.05per30,2015_12*w*,1440,3,0.04359,12.50,0.87184,250.00,1,70,0.050,30,267.74,483.43,484.54,0.23,0:00:44.670520
2015_13*w*step1oldord1margin0.005per30,2015_13*w*,1440,1,0.04663,12.50,0.93263,250.00,1,70,0.005,30,242.00,475.70,475.19,-0.11,0:01:11.295224
2015_14*w*step3oldord1margin0.025per30,2015_14*w*,1440,3,0.05165,12.50,1.03306,250.00,1,70,0.025,30,260.54,519.15,521.78,0.50,0:01:04.449400
2015_15*w*step5oldord1margin0.05per30,2015_15*w*,1440,5,0.04798,12.50,0.95955,250.00,1,70,0.050,30,236.50,476.93,477.39,0.10,0:00:27.637775
2015_16*w*step3oldord5margin0.015per30,2015_16*w*,1440,3,0.05287,12.50,1.05744,250.00,5,70,0.015,30,222.54,485.32,490.03,0.96,0:00:51.701555
2015_17*w*step1oldord5margin0.05per30,2015_17*w*,1440,1,0.05618,12.50,1.12355,250.00,5,70,0.050,30,219.52,496.64,508.78,2.39,0:00:39.865941
2015_18*w*step7oldord1margin0.05per30,2015_18*w*,1440,7,0.05694,12.50,1.13885,250.00,1,70,0.050,30,239.00,522.19,522.00,-0.04,0:00:37.592612
2015_19*w*step3oldord5margin0.025per30,2015_19*w*,1440,3,0.05214,12.50,1.04284,250.00,5,70,0.025,30,239.13,499.37,510.90,2.26,0:00:35.025590
2015_20*w*step1oldord5margin0.01per30,2015_20*w*,1440,1,0.05227,12.50,1.04546,250.00,5,70,0.010,30,235.97,496.70,503.21,1.29,0:00:39.483733
2015_21*w*step1oldord1margin0.015per30,2015_21*w*,1440,1,0.05306,12.50,1.06114,250.00,1,70,0.015,30,239.22,503.85,508.99,1.01,0:00:39.175186
2015_22*w*step1oldord5margin0.05per30,2015_22*w*,1440,1,0.05225,12.50,1.04506,250.00,5,70,0.050,30,228.91,489.22,489.23,0.00,0:00:40.127961
2015_23*w*step1oldord1margin0.005per30,2015_23*w*,1440,1,0.05461,12.50,1.09213,250.00,1,70,0.005,30,222.70,493.22,495.64,0.49,0:01:01.382835
2015_24*w*step7oldord1margin0.005per30,2015_24*w*,1440,7,0.05612,12.50,1.12246,250.00,1,70,0.005,30,232.09,510.51,511.00,0.10,0:00:51.258408
2015_25*w*step1oldord1margin0.05per30,2015_25*w*,1440,1,0.05386,12.50,1.07719,250.00,1,70,0.050,30,243.64,512.45,518.20,1.11,0:00:40.098550
2015_26*w*step1oldord5margin0.015per30,2015_26*w*,1440,1,0.05132,12.50,1.02634,250.00,5,70,0.015,30,248.62,505.17,511.50,1.24,0:01:13.657602
2015_27*w*step7oldord5margin0.025per30,2015_27*w*,1440,7,0.05028,12.50,1.00555,250.00,5,70,0.025,30,271.50,523.01,532.47,1.78,0:01:04.531286
2015_28*w*step7oldord1margin0.05per30,2015_28*w*,1440,7,0.04606,12.50,0.92118,250.00,1,70,0.050,30,310.55,536.07,532.20,-0.73,0:00:25.639944
2015_29*w*step5oldord1margin0.025per30,2015_29*w*,1440,5,0.04025,12.50,0.80502,250.00,1,70,0.025,30,275.47,471.76,472.22,0.10,0:00:27.401758
2015_30*w*step7oldord1margin0.015per30,2015_30*w*,1440,7,0.04538,12.50,0.90754,250.00,1,70,0.015,30,293.19,516.08,516.59,0.10,0:00:25.445455
2015_31*w*step1oldord1margin0.025per30,2015_31*w*,1440,1,0.04266,12.50,0.85320,250.00,1,70,0.025,30,282.32,490.88,494.79,0.79,0:00:57.716999
2015_32*w*step1oldord1margin0.05per30,2015_32*w*,1440,1,0.04428,12.50,0.88552,250.00,1,70,0.050,30,265.05,484.71,485.06,0.07,0:00:39.778396
2015_33*w*step7oldord1margin0.02per30,2015_33*w*,1440,7,0.04716,12.50,0.94322,250.00,1,70,0.020,30,256.11,491.57,503.30,2.33,0:00:25.624208
2015_34*w*step7oldord1margin0.05per30,2015_34*w*,1440,7,0.04881,12.50,0.97614,250.00,1,70,0.050,30,228.89,473.43,471.31,-0.45,0:00:37.030122
2015_35*w*step1oldord1margin0.025per30,2015_35*w*,1440,1,0.05461,12.50,1.09223,250.00,1,70,0.025,30,229.00,500.12,520.31,3.88,0:00:38.914845
2015_36*w*step1oldord5margin0.05per30,2015_36*w*,1440,1,0.05453,12.50,1.09051,250.00,5,70,0.050,30,240.28,512.03,513.11,0.21,0:00:40.084120
2015_37*w*step5oldord1margin0.02per30,2015_37*w*,1440,5,0.05202,12.50,1.04045,250.00,1,70,0.020,30,229.66,488.95,489.30,0.07,0:00:56.755377
2015_38*w*step1oldord1margin0.015per30,2015_38*w*,1440,1,0.05443,12.50,1.08857,250.00,1,70,0.015,30,230.16,500.55,506.45,1.16,0:00:57.310758
2015_39*w*step1oldord1margin0.005per30,2015_39*w*,1440,1,0.05431,12.50,1.08620,250.00,1,70,0.005,30,232.41,502.44,509.58,1.40,0:00:36.415506
2015_40*w*step1oldord1margin0.005per30,2015_40*w*,1440,1,0.05378,12.50,1.07569,250.00,1,70,0.005,30,238.60,506.66,510.75,0.80,0:00:38.660012
2015_41*w*step7oldord1margin0.05per30,2015_41*w*,1440,7,0.05239,12.50,1.04778,250.00,1,70,0.050,30,248.05,509.90,509.90,0.00,0:00:54.232503
2015_42*w*step1oldord1margin0.05per30,2015_42*w*,1440,1,0.05039,12.50,1.00786,250.00,1,70,0.050,30,261.05,513.10,515.54,0.47,0:00:57.060768
2015_43*w*step3oldord1margin0.05per30,2015_43*w*,1440,3,0.04788,12.50,0.95767,250.00,1,70,0.050,30,283.96,521.94,523.21,0.24,0:00:31.871480
2015_44*w*step1oldord1margin0.05per30,2015_44*w*,1440,1,0.04402,12.50,0.88031,250.00,1,70,0.050,30,325.78,536.79,545.70,1.63,0:00:38.652848
2015_45*w*step3oldord5margin0.05per30,2015_45*w*,1440,3,0.03838,12.50,0.76758,250.00,5,70,0.050,30,372.65,536.04,550.32,2.59,0:00:35.846852
2015_46*w*step5oldord1margin0.01per30,2015_46*w*,1440,5,0.03352,12.50,0.67046,250.00,1,70,0.010,30,319.28,464.06,468.77,1.00,0:00:25.855185
2015_47*w*step1oldord1margin0.05per30,2015_47*w*,1440,1,0.03916,12.50,0.78329,250.00,1,70,0.050,30,324.20,503.94,519.33,2.96,0:00:56.185794
2015_48*w*step5oldord1margin0.005per30,2015_48*w*,1440,5,0.03856,12.50,0.77113,250.00,1,70,0.005,30,371.48,536.46,540.78,0.80,0:00:25.967950
2015_49*w*step1oldord1margin0.05per30,2015_49*w*,1440,1,0.03368,12.50,0.67370,250.00,1,70,0.050,30,388.24,511.56,535.00,4.38,0:00:39.123393
2015_50*w*step3oldord1margin0.05per30,2015_50*w*,1440,3,0.03223,12.50,0.64458,250.00,1,70,0.050,30,433.07,529.15,544.90,2.89,0:00:43.061193
2015_51*w*step1oldord5margin0.05per30,2015_51*w*,1440,1,0.02887,12.50,0.57731,250.00,5,70,0.050,30,442.54,505.48,512.19,1.31,0:00:40.075849
2015_52*w*step1oldord5margin0.015per30,2015_52*w*,1440,1,0.02825,12.50,0.56492,250.00,5,70,0.015,30,421.76,488.26,495.15,1.39,0:00:39.040546
2015_53*w*step1oldord5margin0.015per30,2015_53*w*,1440,1,0.02961,12.50,0.59216,250.00,5,70,0.015,30,430.89,505.16,514.43,1.80,0:00:21.515238
2016_01*w*step3oldord1margin0.025per30,2016_01*w*,1440,3,0.02899,12.50,0.57986,250.00,1,70,0.025,30,448.79,510.24,522.98,2.44,0:00:53.865215
2016_02*w*step7oldord1margin0.05per30,2016_02*w*,1440,7,0.02787,12.50,0.55736,250.00,1,70,0.050,30,380.16,461.89,461.08,-0.18,0:00:25.521700
2016_03*w*step1oldord1margin0.015per30,2016_03*w*,1440,1,0.03288,12.50,0.65762,250.00,1,70,0.015,30,402.16,514.47,537.59,4.30,0:00:37.088876
2016_04*w*step3oldord1margin0.05per30,2016_04*w*,1440,3,0.03108,12.50,0.62164,250.00,1,70,0.050,30,368.49,479.07,479.52,0.09,0:00:31.654509
2016_05*w*step1oldord5margin0.015per30,2016_05*w*,1440,1,0.03389,12.50,0.67783,250.00,5,70,0.015,30,375.00,504.19,510.69,1.27,0:00:56.826399
2016_06*w*step1oldord1margin0.05per30,2016_06*w*,1440,1,0.03333,12.50,0.66667,250.00,1,70,0.050,30,405.00,520.00,520.01,0.00,0:00:39.942814
2016_07*w*step1oldord1margin0.05per30,2016_07*w*,1440,1,0.03082,12.50,0.61648,250.00,1,70,0.050,30,438.50,520.33,521.40,0.21,0:00:39.915242
2016_08*w*step1oldord1margin0.02per30,2016_08*w*,1440,1,0.02851,12.50,0.57020,250.00,1,70,0.020,30,431.68,496.14,514.38,3.55,0:00:38.469646
2016_09*w*step1oldord1margin0.05per30,2016_09*w*,1440,1,0.02905,12.50,0.58104,250.00,1,70,0.050,30,406.23,486.04,493.78,1.57,0:00:39.904607
2016_10*w*step3oldord5margin0.01per30,2016_10*w*,1440,3,0.03077,12.50,0.61548,250.00,5,70,0.010,30,413.04,504.22,508.24,0.79,0:00:34.470528
2016_11*w*step1oldord5margin0.01per30,2016_11*w*,1440,1,0.03027,12.50,0.60534,250.00,5,70,0.010,30,411.28,498.96,502.05,0.62,0:00:40.025341
2016_12*w*step1oldord1margin0.025per30,2016_12*w*,1440,1,0.03043,12.50,0.60858,250.00,1,70,0.025,30,424.77,508.51,509.05,0.11,0:00:40.224714
2016_13*w*step1oldord1margin0.02per30,2016_13*w*,1440,1,0.02944,12.50,0.58876,250.00,1,70,0.020,30,419.11,496.76,511.44,2.87,0:01:15.473326
2016_14*w*step1oldord5margin0.005per30,2016_14*w*,1440,1,0.02985,12.50,0.59703,250.00,5,70,0.005,30,420.04,500.78,505.78,0.99,0:00:39.454107
2016_15*w*step1oldord1margin0.005per30,2016_15*w*,1440,1,0.02973,12.50,0.59467,250.00,1,70,0.005,30,427.42,504.17,507.60,0.68,0:00:52.842146
2016_16*w*step1oldord1margin0.025per30,2016_16*w*,1440,1,0.02925,12.50,0.58510,250.00,1,70,0.025,30,460.02,519.16,519.21,0.01,0:00:40.686249
2016_17*w*step1oldord5margin0.02per30,2016_17*w*,1440,1,0.02717,12.50,0.54344,250.00,5,70,0.020,30,453.00,496.18,505.11,1.77,0:00:58.428777
2016_18*w*step1oldord1margin0.01per30,2016_18*w*,1440,1,0.02759,12.50,0.55188,250.00,1,70,0.010,30,458.21,502.88,515.21,2.39,0:00:38.201949
2016_19*w*step1oldord5margin0.015per30,2016_19*w*,1440,1,0.02731,12.50,0.54619,250.00,5,70,0.015,30,457.56,499.91,504.89,0.99,0:00:57.732621
2016_20*w*step1oldord5margin0.05per30,2016_20*w*,1440,1,0.02731,12.50,0.54622,250.00,5,70,0.050,30,438.80,489.68,489.69,0.00,0:00:39.858146
2016_21*w*step7oldord1margin0.05per30,2016_21*w*,1440,7,0.02849,12.50,0.56984,250.00,1,70,0.050,30,517.84,545.09,541.50,-0.66,0:00:53.898494
2016_22*w*step7oldord1margin0.01per30,2016_22*w*,1440,7,0.02415,12.50,0.48300,250.00,1,70,0.010,30,573.91,527.20,527.76,0.11,0:00:25.108601
2016_23*w*step7oldord1margin0.025per30,2016_23*w*,1440,7,0.02178,12.50,0.43561,250.00,1,70,0.025,30,672.13,542.79,543.03,0.04,0:00:25.702331
2016_24*w*step1oldord5margin0.02per30,2016_24*w*,1440,1,0.01860,12.50,0.37195,250.00,5,70,0.020,30,761.44,533.22,541.93,1.61,0:00:39.326912
2016_25*w*step7oldord1margin0.005per30,2016_25*w*,1440,7,0.01647,12.50,0.32938,250.00,1,70,0.005,30,630.16,457.56,464.06,1.40,0:00:24.796109
2016_26*w*step1oldord1margin0.025per30,2016_26*w*,1440,1,0.01984,12.50,0.39672,250.00,1,70,0.025,30,658.27,511.15,528.26,3.24,0:00:38.108200
2016_27*w*step1oldord5margin0.005per30,2016_27*w*,1440,1,0.01899,12.50,0.37978,250.00,5,70,0.005,30,648.76,496.39,506.81,2.06,0:00:38.795679
2016_28*w*step1oldord1margin0.005per30,2016_28*w*,1440,1,0.01930,12.50,0.38593,250.00,1,70,0.005,30,679.54,512.25,517.56,1.03,0:00:36.108261
2016_29*w*step1oldord1margin0.025per30,2016_29*w*,1440,1,0.01840,12.50,0.36790,250.00,1,70,0.025,30,661.47,493.35,496.18,0.57,0:00:40.920613
2016_30*w*step7oldord5margin0.05per30,2016_30*w*,1440,7,0.01890,12.50,0.37795,250.00,5,70,0.050,30,623.83,485.78,486.31,0.11,0:00:51.410785
2016_31*w*step1oldord1margin0.05per30,2016_31*w*,1440,1,0.02004,12.50,0.40075,250.00,1,70,0.050,30,592.47,487.43,493.80,1.29,0:00:39.905021
2016_32*w*step1oldord1margin0.025per30,2016_32*w*,1440,1,0.02110,12.50,0.42196,250.00,1,70,0.025,30,568.76,489.99,498.11,1.63,0:01:21.815353
2016_33*w*step1oldord1margin0.01per30,2016_33*w*,1440,1,0.02200,12.50,0.44000,250.00,1,70,0.010,30,577.55,504.12,515.48,2.20,0:00:38.311319
2016_34*w*step1oldord1margin0.01per30,2016_34*w*,1440,1,0.02164,12.50,0.43286,250.00,1,70,0.010,30,573.20,498.12,503.10,0.99,0:01:02.917662
2016_35*w*step3oldord1margin0.005per30,2016_35*w*,1440,3,0.02181,12.50,0.43615,250.00,1,70,0.005,30,603.72,513.31,518.19,0.94,0:00:28.186633
2016_36*w*step5oldord5margin0.02per30,2016_36*w*,1440,5,0.02063,12.50,0.41260,250.00,5,70,0.020,30,606.32,500.17,504.44,0.85,0:00:50.060982
2016_37*w*step1oldord1margin0.005per30,2016_37*w*,1440,1,0.02069,12.50,0.41385,250.00,1,70,0.005,30,608.00,501.62,504.50,0.57,0:01:09.807978
2016_38*w*step3oldord1margin0.01per30,2016_38*w*,1440,3,0.02056,12.50,0.41118,250.00,1,70,0.010,30,598.98,496.29,508.94,2.49,0:00:31.014670
2016_39*w*step1oldord5margin0.005per30,2016_39*w*,1440,1,0.02087,12.50,0.41740,250.00,5,70,0.005,30,608.60,504.03,505.38,0.27,0:01:16.502224
2016_40*w*step1oldord5margin0.005per30,2016_40*w*,1440,1,0.02054,12.50,0.41078,250.00,5,70,0.005,30,613.06,501.83,504.70,0.57,0:00:39.280040
2016_41*w*step1oldord1margin0.05per30,2016_41*w*,1440,1,0.02039,12.50,0.40779,250.00,1,70,0.050,30,638.97,510.57,510.58,0.00,0:00:59.848661
2016_42*w*step1oldord1margin0.015per30,2016_42*w*,1440,1,0.01956,12.50,0.39125,250.00,1,70,0.015,30,648.74,503.82,519.18,2.96,0:00:39.545656
2016_43*w*step3oldord1margin0.05per30,2016_43*w*,1440,3,0.01927,12.50,0.38536,250.00,1,70,0.050,30,697.23,518.68,518.69,0.00,0:00:47.357937
2016_44*w*step1oldord5margin0.005per30,2016_44*w*,1440,1,0.01793,12.50,0.35856,250.00,5,70,0.005,30,709.93,504.55,518.32,2.66,0:00:57.388883
2016_45*w*step1oldord1margin0.01per30,2016_45*w*,1440,1,0.01763,12.50,0.35268,250.00,1,70,0.010,30,700.38,497.01,506.42,1.86,0:01:01.336332
2016_46*w*step5oldord1margin0.015per30,2016_46*w*,1440,5,0.01785,12.50,0.35694,250.00,1,70,0.015,30,727.09,509.53,520.95,2.19,0:00:48.183970
2016_47*w*step1oldord5margin0.02per30,2016_47*w*,1440,1,0.01719,12.50,0.34385,250.00,5,70,0.020,30,727.32,500.09,503.85,0.75,0:00:59.763814
2016_48*w*step1oldord1margin0.015per30,2016_48*w*,1440,1,0.01719,12.50,0.34373,250.00,1,70,0.015,30,762.00,511.92,521.56,1.85,0:01:20.066593
2016_49*w*step1oldord1margin0.005per30,2016_49*w*,1440,1,0.01640,12.50,0.32808,250.00,1,70,0.005,30,768.97,502.28,504.23,0.39,0:01:18.320750
2016_50*w*step1oldord1margin0.005per30,2016_50*w*,1440,1,0.01626,12.50,0.32511,250.00,1,70,0.005,30,788.67,506.40,510.61,0.82,0:00:37.592591
2016_51*w*step7oldord1margin0.05per30,2016_51*w*,1440,7,0.01586,12.50,0.31712,250.00,1,70,0.050,30,890.67,532.45,531.64,-0.15,0:00:25.858577
2016_52*w*step1oldord1margin0.015per30,2016_52*w*,1440,1,0.01404,12.50,0.28071,250.00,1,70,0.015,30,966.30,521.25,522.04,0.15,0:00:31.733397
2017_01*w*step3oldord1margin0.005per30,2017_01*w*,1440,3,0.01253,12.50,0.25056,250.00,1,70,0.005,30,909.75,477.95,511.54,6.57,0:00:44.379849
2017_02*w*step1oldord1margin0.005per30,2017_02*w*,1440,1,0.01374,12.50,0.27479,250.00,1,70,0.005,30,821.86,475.84,495.59,3.99,0:01:00.739007
2017_03*w*step1oldord1margin0.05per30,2017_03*w*,1440,1,0.01521,12.50,0.30412,250.00,1,70,0.050,30,923.76,530.93,533.38,0.46,0:01:12.471810
2017_04*w*step1oldord5margin0.005per30,2017_04*w*,1440,1,0.01353,12.50,0.27062,250.00,5,70,0.005,30,912.01,496.81,502.26,1.09,0:01:15.029546
2017_05*w*step7oldord1margin0.05per30,2017_05*w*,1440,7,0.01369,12.50,0.27386,250.00,1,70,0.050,30,1011.07,526.89,526.25,-0.12,0:00:49.632763
2017_06*w*step1oldord5margin0.05per30,2017_06*w*,1440,1,0.01237,12.50,0.24740,250.00,5,70,0.050,30,1000.73,497.58,511.62,2.74,0:01:23.729526
2017_07*w*step1oldord1margin0.025per30,2017_07*w*,1440,1,0.01249,12.50,0.24982,250.00,1,70,0.025,30,1051.80,512.76,516.77,0.78,0:01:01.389880
2017_08*w*step1oldord1margin0.05per30,2017_08*w*,1440,1,0.01188,12.50,0.23769,250.00,1,70,0.050,30,1179.05,530.25,535.67,1.01,0:01:16.296632
2017_09*w*step3oldord1margin0.02per30,2017_09*w*,1440,3,0.01059,12.50,0.21173,250.00,1,70,0.020,30,1273.00,519.53,525.94,1.22,0:00:53.185222
2017_10*w*step1oldord5margin0.05per30,2017_10*w*,1440,1,0.00983,12.50,0.19662,250.00,5,70,0.050,30,1226.62,491.18,517.46,5.08,0:01:02.305733
2017_11*w*step5oldord1margin0.005per30,2017_11*w*,1440,5,0.01019,12.50,0.20385,250.00,1,70,0.005,30,1017.97,457.51,452.26,-1.16,0:00:54.114517
2017_12*w*step1oldord5margin0.05per30,2017_12*w*,1440,1,0.01234,12.50,0.24682,250.00,5,70,0.050,30,960.00,486.95,500.27,2.66,0:01:24.971863
2017_13*w*step7oldord1margin0.005per30,2017_13*w*,1440,7,0.01303,12.50,0.26067,250.00,1,70,0.005,30,1078.01,531.00,531.61,0.11,0:00:43.310828
2017_14*w*step1oldord1margin0.02per30,2017_14*w*,1440,1,0.01160,12.50,0.23208,250.00,1,70,0.020,30,1206.20,529.93,532.55,0.49,0:01:04.134839
2017_15*w*step7oldord1margin0.02per30,2017_15*w*,1440,7,0.01037,12.50,0.20733,250.00,1,70,0.020,30,1162.31,490.98,503.19,2.43,0:00:41.962310
2017_16*w*step1oldord1margin0.025per30,2017_16*w*,1440,1,0.01071,12.50,0.21429,250.00,1,70,0.025,30,1241.99,516.15,517.54,0.27,0:01:18.932951
2017_17*w*step1oldord1margin0.05per30,2017_17*w*,1440,1,0.01006,12.50,0.20129,250.00,1,70,0.050,30,1350.21,521.78,521.80,0.00,0:01:13.205724
2017_18*w*step1oldord1margin0.02per30,2017_18*w*,1440,1,0.00925,12.50,0.18493,250.00,1,70,0.020,30,1554.01,537.38,541.08,0.68,0:01:15.515544
2017_19*w*step3oldord5margin0.01per30,2017_19*w*,1440,3,0.00803,12.50,0.16053,250.00,5,70,0.010,30,1784.00,536.39,550.17,2.50,0:01:04.746708
2017_20*w*step3oldord1margin0.025per30,2017_20*w*,1440,3,0.00701,12.50,0.14026,250.00,1,70,0.025,30,2017.55,532.98,536.45,0.65,0:00:50.627540
2017_21*w*step1oldord5margin0.05per30,2017_21*w*,1440,1,0.00619,12.50,0.12378,250.00,5,70,0.050,30,2178.81,519.69,571.00,8.99,0:01:27.780933
2017_22*w*step1oldord1margin0.02per30,2017_22*w*,1440,1,0.00575,12.50,0.11491,250.00,1,70,0.020,30,2530.27,540.75,545.26,0.83,0:01:09.977019
2017_23*w*step1oldord1margin0.05per30,2017_23*w*,1440,1,0.00494,12.50,0.09876,250.00,1,70,0.050,30,2954.22,541.76,551.64,1.79,0:01:13.414204
2017_24*w*step7oldord5margin0.005per30,2017_24*w*,1440,7,0.00423,12.50,0.08462,250.00,5,70,0.005,30,2516.98,462.99,468.22,1.12,0:00:43.884643
2017_25*w*step1oldord5margin0.025per30,2017_25*w*,1440,1,0.00496,12.50,0.09916,250.00,5,70,0.025,30,2502.03,498.10,511.61,2.64,0:01:12.267919
2017_26*w*step1oldord5margin0.01per30,2017_26*w*,1440,1,0.00499,12.50,0.09980,250.00,5,70,0.010,30,2504.37,499.94,522.97,4.40,0:00:58.510597
2017_27*w*step1oldord1margin0.01per30,2017_27*w*,1440,1,0.00498,12.50,0.09969,250.00,1,70,0.010,30,2502.28,499.45,516.15,3.24,0:01:08.099633
2017_28*w*step7oldord1margin0.05per30,2017_28*w*,1440,7,0.00499,12.50,0.09984,250.00,1,70,0.050,30,1917.63,441.46,429.77,-2.72,0:00:38.266841
2017_29*w*step5oldord1margin0.025per30,2017_29*w*,1440,5,0.00652,12.50,0.13037,250.00,1,70,0.025,30,2749.02,608.39,589.39,-3.22,0:00:53.946564
2017_30*w*step1oldord5margin0.005per30,2017_30*w*,1440,1,0.00454,12.50,0.09083,250.00,5,70,0.005,30,2742.37,499.09,524.16,4.78,0:01:06.533934
2017_31*w*step1oldord5margin0.015per30,2017_31*w*,1440,1,0.00456,12.50,0.09114,250.00,5,70,0.015,30,3222.75,543.72,553.62,1.79,0:01:19.898792
2017_32*w*step1oldord1margin0.05per30,2017_32*w*,1440,1,0.00389,12.50,0.07772,250.00,1,70,0.050,30,4053.87,565.07,568.35,0.58,0:01:09.590137
2017_33*w*step1oldord5margin0.005per30,2017_33*w*,1440,1,0.00308,12.50,0.06154,250.00,5,70,0.005,30,4058.68,499.77,546.38,8.53,0:00:57.678694
2017_34*w*step1oldord1margin0.05per30,2017_34*w*,1440,1,0.00309,12.50,0.06174,250.00,1,70,0.050,30,4337.68,517.81,539.34,3.99,0:01:02.108537
2017_35*w*step1oldord1margin0.05per30,2017_35*w*,1440,1,0.00289,12.50,0.05771,250.00,1,70,0.050,30,4606.26,515.83,530.11,2.69,0:01:23.962487
2017_36*w*step1oldord5margin0.01per30,2017_36*w*,1440,1,0.00271,12.50,0.05428,250.00,5,70,0.010,30,4226.22,479.40,502.71,4.64,0:01:04.096011
2017_37*w*step3oldord1margin0.005per30,2017_37*w*,1440,3,0.00296,12.50,0.05923,250.00,1,70,0.005,30,3662.99,466.96,481.31,2.98,0:00:44.903069
2017_38*w*step1oldord5margin0.005per30,2017_38*w*,1440,1,0.00341,12.50,0.06826,250.00,5,70,0.005,30,3664.22,500.12,516.37,3.15,0:01:21.189469
2017_39*w*step7oldord1margin0.05per30,2017_39*w*,1440,7,0.00341,12.50,0.06823,250.00,1,70,0.050,30,4377.22,548.66,545.05,-0.66,0:00:39.960390
2017_40*w*step1oldord5margin0.05per30,2017_40*w*,1440,1,0.00286,12.50,0.05716,250.00,5,70,0.050,30,4597.98,512.82,523.26,2.00,0:01:24.839431
2017_41*w*step7oldord1margin0.05per30,2017_41*w*,1440,7,0.00272,12.50,0.05437,250.00,1,70,0.050,30,5679.70,558.81,562.15,0.59,0:00:41.592556
2017_42*w*step1oldord1margin0.01per30,2017_42*w*,1440,1,0.00220,12.50,0.04391,250.00,1,70,0.010,30,5969.00,512.10,533.52,4.01,0:01:15.123581
2017_43*w*step3oldord1margin0.025per30,2017_43*w*,1440,3,0.00209,12.50,0.04189,250.00,1,70,0.025,30,6137.37,507.09,531.54,4.60,0:00:47.875737
2017_44*w*step7oldord1margin0.05per30,2017_44*w*,1440,7,0.00204,12.50,0.04076,250.00,1,70,0.050,30,7372.72,550.51,540.69,-1.82,0:00:40.536646
2017_45*w*step5oldord1margin0.05per30,2017_45*w*,1440,5,0.00170,12.50,0.03396,250.00,1,70,0.050,30,5870.37,449.36,452.52,0.70,0:00:55.810565
2017_46*w*step7oldord1margin0.05per30,2017_46*w*,1440,7,0.00213,12.50,0.04266,250.00,1,70,0.050,30,8016.58,591.99,579.16,-2.22,0:00:53.630282
2017_47*w*step3oldord1margin0.025per30,2017_47*w*,1440,3,0.00156,12.50,0.03115,250.00,1,70,0.025,30,9271.06,538.79,553.80,2.71,0:00:49.928194
2017_48*w*step1oldord5margin0.025per30,2017_48*w*,1440,1,0.00135,12.50,0.02695,250.00,5,70,0.025,30,11250.00,553.19,604.52,8.49,0:01:05.511839
2017_49*w*step7oldord1margin0.05per30,2017_49*w*,1440,7,0.00111,12.50,0.02229,250.00,1,70,0.050,30,14691.00,577.46,571.78,-0.99,0:00:38.825151
2017_50*w*step1oldord1margin0.025per30,2017_50*w*,1440,1,0.00085,12.50,0.01700,250.00,1,70,0.025,30,18953.00,572.20,589.92,3.00,0:00:58.741675
2017_51*w*step5oldord1margin0.05per30,2017_51*w*,1440,5,0.00066,12.50,0.01321,250.00,1,70,0.050,30,14157.87,437.03,432.16,-1.13,0:00:52.924960
2017_52*w*step1oldord5margin0.05per30,2017_52*w*,1440,1,0.01294,12.50,0.25871,250.00,5,70,0.050,30,13880.00,3840.89,4273.87,10.13,0:01:07.565939
2018_01*w*step1oldord5margin0.05per30,2018_01*w*,1440,1,0.00090,12.50,0.01803,250.00,5,70,0.050,30,3693.30,316.59,537.97,41.15,0:01:36.574743
2018_02*w*step1oldord1margin0.005per30,2018_02*w*,1440,1,0.00077,12.50,0.01549,250.00,1,70,0.005,30,13647.99,461.41,477.88,3.45,0:01:04.173594
2018_03*w*step3oldord5margin0.05per30,2018_03*w*,1440,3,0.00092,12.50,0.01834,250.00,5,70,0.050,30,11558.87,461.99,479.31,3.61,0:01:01.696554
2018_04*w*step1oldord1margin0.025per30,2018_04*w*,1440,1,0.00108,12.50,0.02163,250.00,1,70,0.025,30,11685.58,502.76,543.92,7.57,0:01:07.219445
2018_05*w*step7oldord1margin0.01per30,2018_05*w*,1440,7,0.00107,12.50,0.02138,250.00,1,70,0.010,30,8191.00,425.12,410.83,-3.48,0:00:48.904298
2018_06*w*step1oldord1margin0.05per30,2018_06*w*,1440,1,0.00153,12.50,0.03056,250.00,1,70,0.050,30,8067.00,496.53,539.95,8.04,0:01:20.710914
2018_07*w*step7oldord1margin0.05per30,2018_07*w*,1440,7,0.00154,12.50,0.03089,250.00,1,70,0.050,30,10421.06,571.91,568.11,-0.67,0:00:38.057128
2018_08*w*step1oldord5margin0.05per30,2018_08*w*,1440,1,0.00120,12.50,0.02399,250.00,5,70,0.050,30,9590.04,480.07,493.53,2.73,0:01:19.875776
2018_09*w*step7oldord5margin0.02per30,2018_09*w*,1440,7,0.00130,12.50,0.02605,250.00,5,70,0.020,30,11463.27,548.62,545.33,-0.60,0:00:53.862332
2018_10*w*step5oldord1margin0.05per30,2018_10*w*,1440,5,0.00109,12.50,0.02178,250.00,1,70,0.050,30,9535.04,457.67,457.95,0.06,0:00:50.295408
2018_11*w*step5oldord5margin0.02per30,2018_11*w*,1440,5,0.00131,12.50,0.02620,250.00,5,70,0.020,30,8188.24,464.53,469.50,1.06,0:00:58.961816
2018_12*w*step1oldord5margin0.005per30,2018_12*w*,1440,1,0.00152,12.50,0.03033,250.00,5,70,0.005,30,8453.90,506.41,518.96,2.42,0:01:09.751738
2018_13*w*step7oldord1margin0.025per30,2018_13*w*,1440,7,0.00148,12.50,0.02957,250.00,1,70,0.025,30,6813.52,451.48,448.58,-0.65,0:00:51.390387
2018_14*w*step1oldord5margin0.05per30,2018_14*w*,1440,1,0.00183,12.50,0.03666,250.00,5,70,0.050,30,7027.26,507.62,528.16,3.89,0:01:16.233234
2018_15*w*step7oldord1margin0.05per30,2018_15*w*,1440,7,0.00178,12.50,0.03558,250.00,1,70,0.050,30,8354.22,547.24,543.74,-0.64,0:00:39.390797
2018_16*w*step7oldord1margin0.02per30,2018_16*w*,1440,7,0.00150,12.50,0.02993,250.00,1,70,0.020,30,8789.96,513.08,515.81,0.53,0:00:52.202536
2018_17*w*step1oldord5margin0.01per30,2018_17*w*,1440,1,0.00142,12.50,0.02842,250.00,5,70,0.010,30,9393.99,516.98,539.16,4.11,0:00:59.401965
2018_18*w*step1oldord5margin0.01per30,2018_18*w*,1440,1,0.00133,12.50,0.02659,250.00,5,70,0.010,30,9623.54,505.89,517.54,2.25,0:01:06.767523
2018_19*w*step1oldord1margin0.05per30,2018_19*w*,1440,1,0.00130,12.50,0.02600,250.00,1,70,0.050,30,8696.58,476.11,491.05,3.04,0:01:11.420437
2018_20*w*step1oldord5margin0.01per30,2018_20*w*,1440,1,0.00144,12.50,0.02876,250.00,5,70,0.010,30,8518.48,494.99,512.08,3.34,0:01:22.311848
2018_21*w*step7oldord1margin0.05per30,2018_21*w*,1440,7,0.00147,12.50,0.02934,250.00,1,70,0.050,30,7347.39,465.57,462.30,-0.71,0:00:42.997709
2018_22*w*step1oldord1margin0.02per30,2018_22*w*,1440,1,0.00170,12.50,0.03404,250.00,1,70,0.020,30,7703.67,512.23,534.69,4.20,0:01:19.058691
2018_23*w*step5oldord1margin0.005per30,2018_23*w*,1440,5,0.00162,12.50,0.03243,250.00,1,70,0.005,30,6781.17,469.91,467.60,-0.49,0:00:54.670785
2018_24*w*step1oldord1margin0.005per30,2018_24*w*,1440,1,0.00184,12.50,0.03690,250.00,1,70,0.005,30,6453.41,488.13,498.68,2.12,0:01:03.399663
2018_25*w*step1oldord5margin0.05per30,2018_25*w*,1440,1,0.00194,12.50,0.03873,250.00,5,70,0.050,30,6153.40,488.32,505.90,3.47,0:01:05.203174
2018_26*w*step1oldord5margin0.05per30,2018_26*w*,1440,1,0.00203,12.50,0.04066,250.00,5,70,0.050,30,6349.99,508.19,521.79,2.61,0:01:20.710095
2018_27*w*step3oldord5margin0.025per30,2018_27*w*,1440,3,0.00197,12.50,0.03940,250.00,5,70,0.025,30,6706.60,514.24,522.11,1.51,0:00:54.833722
2018_28*w*step3oldord5margin0.01per30,2018_28*w*,1440,3,0.00186,12.50,0.03727,250.00,5,70,0.010,30,6349.30,486.64,489.33,0.55,0:01:13.966118
2018_29*w*step7oldord5margin0.025per30,2018_29*w*,1440,7,0.00197,12.50,0.03936,250.00,5,70,0.025,30,7396.60,541.13,541.28,0.03,0:00:43.166395
2018_30*w*step5oldord1margin0.005per30,2018_30*w*,1440,5,0.00169,12.50,0.03383,250.00,1,70,0.005,30,8216.74,527.97,542.47,2.67,0:00:48.001918
2018_31*w*step7oldord1margin0.05per30,2018_31*w*,1440,7,0.00152,12.50,0.03043,250.00,1,70,0.050,30,7032.61,464.00,460.61,-0.74,0:00:41.488910
2018_32*w*step1oldord1margin0.005per30,2018_32*w*,1440,1,0.00178,12.50,0.03558,250.00,1,70,0.005,30,6310.82,474.54,486.82,2.52,0:00:53.798671
2018_33*w*step1oldord1margin0.02per30,2018_33*w*,1440,1,0.00198,12.50,0.03961,250.00,1,70,0.020,30,6481.99,506.75,525.88,3.64,0:01:05.989883
2018_34*w*step1oldord5margin0.005per30,2018_34*w*,1440,1,0.00193,12.50,0.03856,250.00,5,70,0.005,30,6700.46,508.37,522.24,2.66,0:01:05.807833
2018_35*w*step5oldord1margin0.05per30,2018_35*w*,1440,5,0.00186,12.50,0.03730,250.00,1,70,0.050,30,7290.31,521.93,521.20,-0.14,0:00:57.969388
2018_36*w*step7oldord1margin0.01per30,2018_36*w*,1440,7,0.00171,12.50,0.03428,250.00,1,70,0.010,30,6236.04,463.77,464.02,0.05,0:00:52.380050
2018_37*w*step1oldord1margin0.01per30,2018_37*w*,1440,1,0.00200,12.50,0.04003,250.00,1,70,0.010,30,6499.98,510.19,525.43,2.90,0:01:20.344565
2018_38*w*step1oldord5margin0.05per30,2018_38*w*,1440,1,0.00192,12.50,0.03846,250.00,5,70,0.050,30,6702.22,507.77,523.36,2.98,0:01:23.865560
2018_39*w*step1oldord1margin0.02per30,2018_39*w*,1440,1,0.00186,12.50,0.03729,250.00,1,70,0.020,30,6597.81,496.03,512.04,3.13,0:01:08.722755
2018_40*w*step1oldord5margin0.01per30,2018_40*w*,1440,1,0.00189,12.50,0.03789,250.00,5,70,0.010,30,6577.63,499.23,503.59,0.87,0:01:24.135857
2018_41*w*step1oldord1margin0.05per30,2018_41*w*,1440,1,0.00190,12.50,0.03802,250.00,1,70,0.050,30,6183.00,485.08,485.25,0.04,0:01:03.526968
2018_42*w*step1oldord5margin0.05per30,2018_42*w*,1440,1,0.00202,12.50,0.04044,250.00,5,70,0.050,30,6413.38,509.36,510.88,0.30,0:01:01.903389
2018_43*w*step1oldord5margin0.005per30,2018_43*w*,1440,1,0.00195,12.50,0.03899,250.00,5,70,0.005,30,6405.57,499.75,502.34,0.52,0:01:10.394317
2018_44*w*step1oldord5margin0.02per30,2018_44*w*,1440,1,0.00195,12.50,0.03904,250.00,5,70,0.020,30,6421.76,500.71,505.24,0.90,0:01:23.109883
2018_45*w*step1oldord5margin0.005per30,2018_45*w*,1440,1,0.00194,12.50,0.03889,250.00,5,70,0.005,30,6357.54,497.24,502.41,1.03,0:01:07.921932
2018_46*w*step5oldord1margin0.05per30,2018_46*w*,1440,5,0.00196,12.50,0.03928,250.00,1,70,0.050,30,5559.26,468.37,467.58,-0.17,0:00:57.300668
2018_47*w*step7oldord1margin0.05per30,2018_47*w*,1440,7,0.00225,12.50,0.04499,250.00,1,70,0.050,30,3938.89,427.21,416.44,-2.59,0:00:42.870483
2018_48*w*step1oldord5margin0.05per30,2018_48*w*,1440,1,0.00317,12.50,0.06348,250.00,5,70,0.050,30,4102.05,510.40,542.10,5.85,0:01:06.653974
2018_49*w*step3oldord1margin0.05per30,2018_49*w*,1440,3,0.00304,12.50,0.06087,250.00,1,70,0.050,30,3529.75,464.86,471.27,1.36,0:00:58.842257
2018_50*w*step7oldord1margin0.01per30,2018_50*w*,1440,7,0.00354,12.50,0.07080,250.00,1,70,0.010,30,3193.78,476.12,478.48,0.49,0:00:50.762002
2018_51*w*step7oldord1margin0.025per30,2018_51*w*,1440,7,0.00392,12.50,0.07831,250.00,1,70,0.025,30,3943.83,558.84,554.51,-0.78,0:00:48.447508
2018_52*w*step1oldord5margin0.005per30,2018_52*w*,1440,1,0.00317,12.50,0.06333,250.00,5,70,0.005,30,3835.79,492.92,501.37,1.69,0:01:08.063233
2019_01*w*step7oldord1margin0.05per30,2019_01*w*,1440,7,0.00338,12.50,0.06770,250.00,1,70,0.050,30,7168.36,735.30,717.47,-2.49,0:01:00.250845
2019_02*w*step7oldord1margin0.02per30,2019_02*w*,1440,7,0.00309,12.50,0.06183,250.00,1,70,0.020,30,3515.95,467.39,466.37,-0.22,0:00:40.932509
2019_03*w*step3oldord5margin0.025per30,2019_03*w*,1440,3,0.00356,12.50,0.07113,250.00,5,70,0.025,30,3536.72,501.57,512.55,2.14,0:01:08.233785
2019_04*w*step1oldord5margin0.015per30,2019_04*w*,1440,1,0.00353,12.50,0.07060,250.00,5,70,0.015,30,3533.23,499.45,513.67,2.77,0:01:23.301677
2019_05*w*step1oldord1margin0.005per30,2019_05*w*,1440,1,0.00354,12.50,0.07080,250.00,1,70,0.005,30,3414.82,491.77,501.27,1.90,0:01:18.140934
2019_06*w*step3oldord1margin0.01per30,2019_06*w*,1440,3,0.00366,12.50,0.07324,250.00,1,70,0.010,30,3650.37,517.35,519.98,0.51,0:01:04.275740
2019_07*w*step1oldord1margin0.01per30,2019_07*w*,1440,1,0.00342,12.50,0.06850,250.00,1,70,0.010,30,3625.60,498.35,503.78,1.08,0:01:13.828158
2019_08*w*step5oldord5margin0.05per30,2019_08*w*,1440,5,0.00345,12.50,0.06893,250.00,5,70,0.050,30,3730.68,507.16,523.70,3.16,0:01:11.650625
2019_09*w*step1oldord5margin0.01per30,2019_09*w*,1440,1,0.00335,12.50,0.06697,250.00,5,70,0.010,30,3789.52,503.78,513.41,1.88,0:01:18.281731
2019_10*w*step1oldord1margin0.005per30,2019_10*w*,1440,1,0.00330,12.50,0.06599,250.00,1,70,0.005,30,3897.92,507.22,511.49,0.83,0:01:10.358003
2019_11*w*step1oldord1margin0.015per30,2019_11*w*,1440,1,0.00321,12.50,0.06412,250.00,1,70,0.015,30,3965.50,504.27,513.45,1.79,0:01:20.009338
2019_12*w*step1oldord5margin0.005per30,2019_12*w*,1440,1,0.00315,12.50,0.06305,250.00,5,70,0.005,30,3969.99,500.31,504.49,0.83,0:01:11.165183
2019_13*w*step1oldord1margin0.025per30,2019_13*w*,1440,1,0.00315,12.50,0.06297,250.00,1,70,0.025,30,4096.08,507.93,514.48,1.27,0:01:15.909139
2019_14*w*step7oldord5margin0.05per30,2019_14*w*,1440,7,0.00305,12.50,0.06108,250.00,5,70,0.050,30,5190.85,567.06,558.53,-1.53,0:00:46.916728
2019_15*w*step1oldord5margin0.02per30,2019_15*w*,1440,1,0.00241,12.50,0.04819,250.00,5,70,0.020,30,5162.72,498.79,515.92,3.32,0:01:14.266751
2019_16*w*step1oldord1margin0.015per30,2019_16*w*,1440,1,0.00242,12.50,0.04843,250.00,1,70,0.015,30,5295.65,506.47,515.03,1.66,0:01:18.397989
2019_17*w*step1oldord5margin0.05per30,2019_17*w*,1440,1,0.00236,12.50,0.04719,250.00,5,70,0.050,30,5160.98,493.55,507.89,2.82,0:01:11.665171
2019_18*w*step3oldord1margin0.005per30,2019_18*w*,1440,3,0.00243,12.50,0.04852,250.00,1,70,0.005,30,5709.32,527.02,528.37,0.26,0:00:51.767869
2019_19*w*step7oldord1margin0.05per30,2019_19*w*,1440,7,0.00219,12.50,0.04374,250.00,1,70,0.050,30,6974.35,555.06,548.49,-1.20,0:00:39.242467
2019_20*w*step1oldord5margin0.01per30,2019_20*w*,1440,1,0.00179,12.50,0.03589,250.00,5,70,0.010,30,8200.00,544.30,576.75,5.63,0:01:03.465338
2019_21*w*step1oldord1margin0.005per30,2019_21*w*,1440,1,0.00153,12.50,0.03051,250.00,1,70,0.005,30,8733.26,516.45,540.19,4.39,0:01:15.462502
2019_22*w*step1oldord5margin0.015per30,2019_22*w*,1440,1,0.00143,12.50,0.02858,250.00,5,70,0.015,30,8734.49,499.63,525.85,4.99,0:01:13.618787
2019_23*w*step7oldord5margin0.015per30,2019_23*w*,1440,7,0.00143,12.50,0.02861,250.00,5,70,0.015,30,7632.99,468.38,470.46,0.44,0:00:42.408793
2019_24*w*step5oldord1margin0.05per30,2019_24*w*,1440,5,0.00164,12.50,0.03278,250.00,1,70,0.050,30,8974.19,544.17,555.93,2.12,0:00:56.770286
2019_25*w*step7oldord1margin0.025per30,2019_25*w*,1440,7,0.00139,12.50,0.02782,250.00,1,70,0.025,30,10831.95,551.34,546.79,-0.83,0:00:43.592802
2019_26*w*step1oldord5margin0.005per30,2019_26*w*,1440,1,0.00116,12.50,0.02310,250.00,5,70,0.005,30,10760.10,498.56,527.31,5.45,0:01:18.322718
2019_27*w*step1oldord1margin0.025per30,2019_27*w*,1440,1,0.00116,12.50,0.02323,250.00,1,70,0.025,30,11469.96,516.45,563.95,8.42,0:01:16.629702
2019_28*w*step5oldord1margin0.005per30,2019_28*w*,1440,5,0.00109,12.50,0.02178,250.00,1,70,0.005,30,10191.87,471.98,483.13,2.31,0:00:53.158596
2019_29*w*step1oldord5margin0.01per30,2019_29*w*,1440,1,0.00123,12.50,0.02454,250.00,5,70,0.010,30,10600.24,510.13,554.40,7.99,0:01:20.841588
2019_30*w*step1oldord1margin0.025per30,2019_30*w*,1440,1,0.00118,12.50,0.02354,250.00,1,70,0.025,30,9533.19,474.41,478.26,0.81,0:01:05.232915
2019_31*w*step7oldord1margin0.05per30,2019_31*w*,1440,7,0.00131,12.50,0.02619,250.00,1,70,0.050,30,10986.96,537.75,537.06,-0.13,0:00:44.709133
2019_32*w*step1oldord1margin0.025per30,2019_32*w*,1440,1,0.00114,12.50,0.02274,250.00,1,70,0.025,30,11528.73,512.16,527.74,2.95,0:01:21.321396
2019_33*w*step3oldord1margin0.05per30,2019_33*w*,1440,3,0.00108,12.50,0.02167,250.00,1,70,0.050,30,10318.99,473.61,475.84,0.47,0:00:57.297692
2019_34*w*step1oldord1margin0.01per30,2019_34*w*,1440,1,0.00121,12.50,0.02424,250.00,1,70,0.010,30,10136.75,495.71,506.86,2.20,0:00:54.435041
2019_35*w*step1oldord1margin0.05per30,2019_35*w*,1440,1,0.00123,12.50,0.02464,250.00,1,70,0.050,30,9767.53,490.67,493.28,0.53,0:01:10.718103
2019_36*w*step5oldord5margin0.025per30,2019_36*w*,1440,5,0.00128,12.50,0.02556,250.00,5,70,0.025,30,10400.18,515.83,522.61,1.30,0:01:06.042455
2019_37*w*step1oldord1margin0.015per30,2019_37*w*,1440,1,0.00120,12.50,0.02405,250.00,1,70,0.015,30,10305.74,497.85,517.01,3.71,0:01:21.384020
2019_38*w*step1oldord1margin0.05per30,2019_38*w*,1440,1,0.00121,12.50,0.02426,250.00,1,70,0.050,30,10020.58,493.10,500.81,1.54,0:01:25.137854
2019_39*w*step7oldord1margin0.05per30,2019_39*w*,1440,7,0.00125,12.50,0.02492,250.00,1,70,0.050,30,8047.60,450.55,444.49,-1.36,0:00:39.106368
2019_40*w*step1oldord1margin0.025per30,2019_40*w*,1440,1,0.00155,12.50,0.03102,250.00,1,70,0.025,30,7854.12,493.63,513.36,3.84,0:01:14.054860
2019_41*w*step3oldord5margin0.05per30,2019_41*w*,1440,3,0.00159,12.50,0.03180,250.00,5,70,0.050,30,8282.96,513.40,519.85,1.24,0:01:11.656240
2019_42*w*step1oldord5margin0.05per30,2019_42*w*,1440,1,0.00151,12.50,0.03020,250.00,5,70,0.050,30,8235.74,498.72,506.61,1.56,0:01:16.788658
2019_43*w*step3oldord1margin0.01per30,2019_43*w*,1440,3,0.00152,12.50,0.03035,250.00,1,70,0.010,30,9557.08,540.06,558.12,3.24,0:01:00.194733
2019_44*w*step1oldord1margin0.015per30,2019_44*w*,1440,1,0.00131,12.50,0.02614,250.00,1,70,0.015,30,9207.00,490.67,498.24,1.52,0:01:09.299460
2019_45*w*step1oldord1margin0.025per30,2019_45*w*,1440,1,0.00136,12.50,0.02714,250.00,1,70,0.025,30,9024.49,494.92,503.66,1.74,0:01:20.339008
2019_46*w*step1oldord5margin0.015per30,2019_46*w*,1440,1,0.00138,12.50,0.02766,250.00,5,70,0.015,30,8499.31,485.09,488.79,0.76,0:01:09.131534
2019_47*w*step7oldord1margin0.05per30,2019_47*w*,1440,7,0.00147,12.50,0.02940,250.00,1,70,0.050,30,6908.36,453.11,448.26,-1.08,0:00:43.771422
2019_48*w*step1oldord1margin0.01per30,2019_48*w*,1440,1,0.00181,12.50,0.03625,250.00,1,70,0.010,30,7412.66,518.71,535.92,3.21,0:00:58.815135
2019_49*w*step1oldord5margin0.005per30,2019_49*w*,1440,1,0.00169,12.50,0.03373,250.00,5,70,0.005,30,7524.26,503.79,517.65,2.68,0:01:21.665987
2019_50*w*step1oldord1margin0.01per30,2019_50*w*,1440,1,0.00166,12.50,0.03326,250.00,1,70,0.010,30,7115.08,486.65,492.45,1.18,0:01:17.649895
2019_51*w*step3oldord1margin0.025per30,2019_51*w*,1440,3,0.00176,12.50,0.03515,250.00,1,70,0.025,30,7509.70,513.97,528.49,2.75,0:00:46.293996
2019_52*w*step1oldord1margin0.005per30,2019_52*w*,1440,1,0.00166,12.50,0.03319,250.00,1,70,0.005,30,7385.54,495.13,519.25,4.65,0:00:58.821820
2020_01*w*step1oldord1margin0.025per30,2020_01*w*,1440,1,0.00175,12.50,0.03492,250.00,1,70,0.025,30,7356.70,506.90,514.57,1.49,0:00:50.004451
2020_02*w*step1oldord1margin0.05per30,2020_02*w*,1440,1,0.00170,12.50,0.03401,250.00,1,70,0.050,30,8180.76,528.23,541.99,2.54,0:01:21.562117
2020_03*w*step7oldord5margin0.025per30,2020_03*w*,1440,7,0.00153,12.50,0.03053,250.00,5,70,0.025,30,8696.60,515.51,521.27,1.10,0:00:55.805437
2020_04*w*step1oldord5margin0.005per30,2020_04*w*,1440,1,0.00144,12.50,0.02873,250.00,5,70,0.005,30,8590.48,496.80,509.93,2.57,0:01:12.350752
2020_05*w*step5oldord5margin0.015per30,2020_05*w*,1440,5,0.00145,12.50,0.02903,250.00,5,70,0.015,30,9329.39,520.83,522.88,0.39,0:01:03.045149
2020_06*w*step5oldord1margin0.015per30,2020_06*w*,1440,5,0.00134,12.50,0.02685,250.00,1,70,0.015,30,10173.97,523.17,523.37,0.04,0:00:41.398017
2020_07*w*step1oldord5margin0.005per30,2020_07*w*,1440,1,0.00123,12.50,0.02457,250.00,5,70,0.005,30,9912.89,493.56,508.73,2.98,0:01:04.844900
2020_08*w*step1oldord5margin0.005per30,2020_08*w*,1440,1,0.00126,12.50,0.02524,250.00,5,70,0.005,30,9965.21,501.52,519.61,3.48,0:01:07.338030
2020_09*w*step5oldord1margin0.05per30,2020_09*w*,1440,5,0.00126,12.50,0.02511,250.00,1,70,0.050,30,8528.95,464.16,463.09,-0.23,0:00:55.583758
2020_10*w*step5oldord5margin0.005per30,2020_10*w*,1440,5,0.00147,12.50,0.02940,250.00,5,70,0.005,30,8033.70,486.19,489.53,0.68,0:00:59.836691
2020_11*w*step7oldord1margin0.02per30,2020_11*w*,1440,7,0.00155,12.50,0.03107,250.00,1,70,0.020,30,5343.64,416.03,410.11,-1.44,0:00:52.351313
2020_12*w*step1oldord1margin0.05per30,2020_12*w*,1440,1,0.00234,12.50,0.04678,250.00,1,70,0.050,30,5813.15,521.94,541.72,3.65,0:01:14.228076
2020_13*w*step1oldord5margin0.02per30,2020_13*w*,1440,1,0.00215,12.50,0.04310,250.00,5,70,0.020,30,5870.90,503.04,520.84,3.42,0:01:07.743176
2020_14*w*step3oldord5margin0.015per30,2020_14*w*,1440,3,0.00212,12.50,0.04247,250.00,5,70,0.015,30,6775.20,537.74,544.47,1.24,0:00:57.432825
2020_15*w*step1oldord5margin0.025per30,2020_15*w*,1440,1,0.00184,12.50,0.03687,250.00,5,70,0.025,30,6908.24,504.71,520.31,3.00,0:01:09.214985
2020_16*w*step1oldord5margin0.005per30,2020_16*w*,1440,1,0.00182,12.50,0.03641,250.00,5,70,0.005,30,7126.40,509.47,528.02,3.51,0:01:21.867775
2020_17*w*step1oldord1margin0.05per30,2020_17*w*,1440,1,0.00175,12.50,0.03509,250.00,1,70,0.050,30,7701.73,520.25,529.04,1.66,0:01:23.977743
2020_18*w*step7oldord1margin0.05per30,2020_18*w*,1440,7,0.00161,12.50,0.03229,250.00,1,70,0.050,30,8915.98,537.90,534.70,-0.60,0:00:53.388007
2020_19*w*step5oldord5margin0.05per30,2020_19*w*,1440,5,0.00140,12.50,0.02803,250.00,5,70,0.050,30,8731.17,494.73,505.00,2.03,0:01:03.140047
2020_20*w*step1oldord1margin0.05per30,2020_20*w*,1440,1,0.00143,12.50,0.02853,250.00,1,70,0.050,30,9665.70,525.76,546.17,3.74,0:01:02.682827
2020_21*w*step7oldord1margin0.05per30,2020_21*w*,1440,7,0.00129,12.50,0.02581,250.00,1,70,0.050,30,8718.77,475.03,473.57,-0.31,0:00:53.617321
2020_22*w*step7oldord1margin0.01per30,2020_22*w*,1440,7,0.00144,12.50,0.02878,250.00,1,70,0.010,30,9446.19,521.86,534.97,2.45,0:00:51.751190
2020_23*w*step1oldord1margin0.015per30,2020_23*w*,1440,1,0.00132,12.50,0.02649,250.00,1,70,0.015,30,9750.04,508.28,519.75,2.21,0:01:04.613108
2020_24*w*step1oldord5margin0.01per30,2020_24*w*,1440,1,0.00128,12.50,0.02562,250.00,5,70,0.010,30,9329.99,489.03,499.17,2.03,0:01:22.001982
2020_25*w*step1oldord5margin0.015per30,2020_25*w*,1440,1,0.00134,12.50,0.02682,250.00,5,70,0.015,30,9283.03,498.97,504.59,1.11,0:01:00.515819
2020_26*w*step3oldord1margin0.015per30,2020_26*w*,1440,3,0.00135,12.50,0.02692,250.00,1,70,0.015,30,9118.01,495.46,509.80,2.81,0:00:44.074584
2020_27*w*step1oldord5margin0.005per30,2020_27*w*,1440,1,0.00137,12.50,0.02742,250.00,5,70,0.005,30,9076.82,498.89,506.55,1.51,0:01:01.064329
2020_28*w*step3oldord5margin0.005per30,2020_28*w*,1440,3,0.00138,12.50,0.02752,250.00,5,70,0.005,30,9306.17,506.11,511.00,0.96,0:01:13.365984
2020_29*w*step1oldord1margin0.005per30,2020_29*w*,1440,1,0.00134,12.50,0.02685,250.00,1,70,0.005,30,9211.99,497.34,500.68,0.67,0:01:18.221381
2020_30*w*step1oldord1margin0.05per30,2020_30*w*,1440,1,0.00136,12.50,0.02713,250.00,1,70,0.050,30,9944.65,519.80,520.06,0.05,0:01:07.833636
2020_31*w*step5oldord5margin0.05per30,2020_31*w*,1440,5,0.00126,12.50,0.02514,250.00,5,70,0.050,30,11071.66,528.34,539.55,2.08,0:01:02.300443
2020_32*w*step1oldord5margin0.01per30,2020_32*w*,1440,1,0.00113,12.50,0.02259,250.00,5,70,0.010,30,11683.03,513.92,519.71,1.11,0:01:12.077384
2020_33*w*step1oldord5margin0.05per30,2020_33*w*,1440,1,0.00107,12.50,0.02139,250.00,5,70,0.050,30,11914.02,504.84,513.12,1.61,0:01:01.034453
2020_34*w*step1oldord1margin0.05per30,2020_34*w*,1440,1,0.00105,12.50,0.02097,250.00,1,70,0.050,30,11644.65,494.19,501.60,1.48,0:01:04.646233
2020_35*w*step1oldord1margin0.025per30,2020_35*w*,1440,1,0.00107,12.50,0.02145,250.00,1,70,0.025,30,11708.97,501.16,508.13,1.37,0:01:12.907624
2020_36*w*step7oldord1margin0.005per30,2020_36*w*,1440,7,0.00107,12.50,0.02134,250.00,1,70,0.005,30,10260.17,468.95,467.70,-0.27,0:00:43.638410
2020_37*w*step1oldord5margin0.005per30,2020_37*w*,1440,1,0.00122,12.50,0.02438,250.00,5,70,0.005,30,10334.78,501.96,518.88,3.26,0:01:04.831322
2020_38*w*step5oldord5margin0.01per30,2020_38*w*,1440,5,0.00121,12.50,0.02419,250.00,5,70,0.010,30,10923.50,514.24,516.67,0.47,0:00:55.850405
2020_39*w*step3oldord5margin0.01per30,2020_39*w*,1440,3,0.00114,12.50,0.02290,250.00,5,70,0.010,30,10780.66,496.88,504.04,1.42,0:01:03.982550
2020_40*w*step3oldord5margin0.02per30,2020_40*w*,1440,3,0.00116,12.50,0.02318,250.00,5,70,0.020,30,10669.63,497.32,500.83,0.70,0:01:17.550751
2020_41*w*step7oldord1margin0.005per30,2020_41*w*,1440,7,0.00117,12.50,0.02344,250.00,1,70,0.005,30,11372.93,516.58,518.02,0.28,0:00:39.278039
2020_42*w*step1oldord1margin0.01per30,2020_42*w*,1440,1,0.00110,12.50,0.02198,250.00,1,70,0.010,30,11519.97,503.21,510.08,1.35,0:01:10.025781
2020_43*w*step7oldord1margin0.05per30,2020_43*w*,1440,7,0.00108,12.50,0.02170,250.00,1,70,0.050,30,13039.09,532.95,531.70,-0.24,0:00:48.501000
2020_44*w*step1oldord1margin0.02per30,2020_44*w*,1440,1,0.00096,12.50,0.01917,250.00,1,70,0.020,30,13762.00,513.82,539.89,4.83,0:01:05.557659
2020_45*w*step1oldord1margin0.05per30,2020_45*w*,1440,1,0.00091,12.50,0.01815,250.00,1,70,0.050,30,15489.15,531.13,533.95,0.53,0:01:06.637434
2020_46*w*step1oldord5margin0.02per30,2020_46*w*,1440,1,0.00081,12.50,0.01614,250.00,5,70,0.020,30,15975.49,507.84,518.54,2.06,0:01:23.021422
2020_47*w*step7oldord5margin0.05per30,2020_47*w*,1440,7,0.00078,12.50,0.01567,250.00,5,70,0.050,30,18435.20,538.88,539.45,0.11,0:01:00.971876
2020_48*w*step1oldord5margin0.01per30,2020_48*w*,1440,1,0.00068,12.50,0.01354,250.00,5,70,0.010,30,18192.03,496.32,518.59,4.29,0:01:19.964872
2020_49*w*step1oldord1margin0.005per30,2020_49*w*,1440,1,0.00069,12.50,0.01373,250.00,1,70,0.005,30,19380.58,516.10,540.43,4.50,0:01:15.798625
2020_50*w*step1oldord1margin0.05per30,2020_50*w*,1440,1,0.00064,12.50,0.01289,250.00,1,70,0.050,30,19162.36,497.00,508.18,2.20,0:01:23.845040
2020_51*w*step7oldord1margin0.05per30,2020_51*w*,1440,7,0.00065,12.50,0.01306,250.00,1,70,0.050,30,23470.85,556.53,549.11,-1.35,0:00:52.850229
2020_52*w*step1oldord5margin0.05per30,2020_52*w*,1440,1,0.00053,12.50,0.01066,250.00,5,70,0.050,30,26259.60,529.93,535.41,1.02,0:01:23.697303
2020_53*w*step1oldord1margin0.02per30,2020_53*w*,1440,1,0.00048,12.50,0.00950,250.00,1,70,0.020,30,28992.79,525.43,534.28,1.66,0:00:41.629846
2021_01*w*step3oldord1margin0.05per30,2021_01*w*,1440,3,0.00038,12.50,0.00756,250.00,1,70,0.050,30,38173.73,538.59,544.65,1.11,0:00:59.463312
2021_02*w*step1oldord5margin0.005per30,2021_02*w*,1440,1,0.00033,12.50,0.00654,250.00,5,70,0.005,30,35819.25,484.26,530.01,8.63,0:01:22.536359
2021_03*w*step3oldord1margin0.005per30,2021_03*w*,1440,3,0.00035,12.50,0.00697,250.00,1,70,0.005,30,32288.83,475.05,487.48,2.55,0:00:58.975394
2021_04*w*step1oldord5margin0.01per30,2021_04*w*,1440,1,0.00039,12.50,0.00775,250.00,5,70,0.010,30,33141.38,506.85,553.57,8.44,0:01:01.464532
2021_05*w*step7oldord1margin0.015per30,2021_05*w*,1440,7,0.00038,12.50,0.00756,250.00,1,70,0.015,30,38858.39,543.77,540.52,-0.60,0:00:42.610299
2021_06*w*step7oldord1margin0.02per30,2021_06*w*,1440,7,0.00032,12.50,0.00643,250.00,1,70,0.020,30,48662.50,562.90,575.17,2.13,0:00:44.586477
2021_07*w*step7oldord1margin0.02per30,2021_07*w*,1440,7,0.00026,12.50,0.00514,250.00,1,70,0.020,30,57492.91,545.51,541.80,-0.68,0:00:42.554247
2021_08*w*step1oldord1margin0.005per30,2021_08*w*,1440,1,0.00022,12.50,0.00435,250.00,1,70,0.005,30,45240.96,446.80,456.35,2.09,0:01:16.062881
2021_09*w*step1oldord1margin0.05per30,2021_09*w*,1440,1,0.00028,12.50,0.00552,250.00,1,70,0.050,30,50967.30,531.34,549.24,3.26,0:01:01.211866
2021_10*w*step7oldord1margin0.015per30,2021_10*w*,1440,7,0.00024,12.50,0.00490,250.00,1,70,0.015,30,59016.39,539.18,536.81,-0.44,0:00:51.200384
2021_11*w*step1oldord1margin0.015per30,2021_11*w*,1440,1,0.00021,12.50,0.00423,250.00,1,70,0.015,30,57381.79,492.72,513.34,4.02,0:01:17.374010
2021_12*w*step1oldord1margin0.015per30,2021_12*w*,1440,1,0.00022,12.50,0.00435,250.00,1,70,0.015,30,55790.92,492.69,511.03,3.59,0:01:07.387838
2021_13*w*step1oldord1margin0.025per30,2021_13*w*,1440,1,0.00022,12.50,0.00448,250.00,1,70,0.025,30,58212.18,510.79,522.61,2.26,0:00:59.071270
2021_14*w*step5oldord1margin0.02per30,2021_14*w*,1440,5,0.00021,12.50,0.00429,250.00,1,70,0.020,30,59979.26,507.31,522.23,2.86,0:00:56.088202
2021_15*w*step1oldord1margin0.05per30,2021_15*w*,1440,1,0.00021,12.50,0.00416,250.00,1,70,0.050,30,56280.60,484.13,494.02,2.00,0:01:02.678281
2021_16*w*step1oldord1margin0.01per30,2021_16*w*,1440,1,0.00022,12.50,0.00444,250.00,1,70,0.010,30,49128.43,468.13,469.41,0.27,0:01:05.885820
2021_17*w*step1oldord1margin0.015per30,2021_17*w*,1440,1,0.00025,12.50,0.00508,250.00,1,70,0.015,30,56622.66,537.64,555.46,3.21,0:01:02.110102
2021_18*w*step1oldord1margin0.005per30,2021_18*w*,1440,1,0.00022,12.50,0.00442,250.00,1,70,0.005,30,58305.24,507.71,530.76,4.34,0:01:04.196808
2021_19*w*step7oldord1margin0.01per30,2021_19*w*,1440,7,0.00021,12.50,0.00428,250.00,1,70,0.010,30,46444.75,448.78,443.30,-1.24,0:00:42.634755
2021_20*w*step7oldord1margin0.025per30,2021_20*w*,1440,7,0.00027,12.50,0.00538,250.00,1,70,0.025,30,34706.79,436.72,433.42,-0.76,0:00:41.021012
2021_21*w*step1oldord5margin0.015per30,2021_21*w*,1440,1,0.00036,12.50,0.00718,250.00,5,70,0.015,30,35677.72,506.17,536.91,5.73,0:01:00.620857
2021_22*w*step1oldord5margin0.025per30,2021_22*w*,1440,1,0.00035,12.50,0.00702,250.00,5,70,0.025,30,35808.85,501.38,517.07,3.03,0:01:23.718392
2021_23*w*step3oldord1margin0.01per30,2021_23*w*,1440,3,0.00035,12.50,0.00698,250.00,1,70,0.010,30,39013.76,522.32,543.39,3.88,0:00:47.448811
2021_24*w*step3oldord1margin0.05per30,2021_24*w*,1440,3,0.00032,12.50,0.00639,250.00,1,70,0.050,30,35589.77,477.42,480.52,0.65,0:00:58.025172
2021_25*w*step1oldord1margin0.05per30,2021_25*w*,1440,1,0.00035,12.50,0.00703,250.00,1,70,0.050,30,34699.50,493.94,532.57,7.25,0:01:20.317430
2021_26*w*step1oldord5margin0.005per30,2021_26*w*,1440,1,0.00036,12.50,0.00721,250.00,5,70,0.005,30,35289.21,504.44,530.26,4.87,0:01:16.836015
2021_27*w*step1oldord1margin0.05per30,2021_27*w*,1440,1,0.00036,12.50,0.00713,250.00,1,70,0.050,30,34258.53,494.26,509.91,3.07,0:01:20.050901
2021_28*w*step5oldord5margin0.05per30,2021_28*w*,1440,5,0.00036,12.50,0.00730,250.00,5,70,0.050,30,31776.65,481.97,483.09,0.23,0:01:03.975141
2021_29*w*step5oldord1margin0.05per30,2021_29*w*,1440,5,0.00039,12.50,0.00787,250.00,1,70,0.050,30,35428.28,528.82,524.34,-0.85,0:00:50.378239
2021_30*w*step1oldord1margin0.01per30,2021_30*w*,1440,1,0.00035,12.50,0.00706,250.00,1,70,0.010,30,39839.00,531.26,540.08,1.63,0:00:59.038981
2021_31*w*step7oldord1margin0.005per30,2021_31*w*,1440,7,0.00031,12.50,0.00628,250.00,1,70,0.005,30,43858.42,525.43,533.08,1.44,0:00:36.849994
2021_32*w*step1oldord1margin0.025per30,2021_32*w*,1440,1,0.00028,12.50,0.00570,250.00,1,70,0.025,30,47028.30,518.06,534.43,3.06,0:01:18.131592
2021_33*w*step3oldord1margin0.005per30,2021_33*w*,1440,3,0.00027,12.50,0.00531,250.00,1,70,0.005,30,49301.86,511.79,524.18,2.36,0:00:45.153035
2021_34*w*step3oldord5margin0.005per30,2021_34*w*,1440,3,0.00025,12.50,0.00507,250.00,5,70,0.005,30,48808.72,497.46,505.16,1.52,0:01:07.019812
2021_35*w*step1oldord1margin0.025per30,2021_35*w*,1440,1,0.00026,12.50,0.00512,250.00,1,70,0.025,30,51809.28,515.26,520.59,1.02,0:00:58.501212
2021_36*w*step3oldord1margin0.015per30,2021_36*w*,1440,3,0.00024,12.50,0.00483,250.00,1,70,0.015,30,46035.00,472.35,480.57,1.71,0:01:02.271706
2021_37*w*step1oldord1margin0.025per30,2021_37*w*,1440,1,0.00027,12.50,0.00543,250.00,1,70,0.025,30,47245.25,506.54,524.07,3.34,0:01:00.950175
2021_38*w*step3oldord5margin0.005per30,2021_38*w*,1440,3,0.00026,12.50,0.00529,250.00,5,70,0.005,30,43204.73,478.55,492.13,2.76,0:01:12.311258
2021_39*w*step3oldord1margin0.015per30,2021_39*w*,1440,3,0.00029,12.50,0.00579,250.00,1,70,0.015,30,48235.93,529.29,547.65,3.35,0:00:55.959593
2021_40*w*step5oldord5margin0.015per30,2021_40*w*,1440,5,0.00026,12.50,0.00519,250.00,5,70,0.015,30,54714.95,533.97,534.97,0.19,0:00:56.195922
2021_41*w*step1oldord1margin0.025per30,2021_41*w*,1440,1,0.00023,12.50,0.00457,250.00,1,70,0.025,30,61538.97,531.23,541.45,1.89,0:01:20.688282
2021_42*w*step1oldord1margin0.015per30,2021_42*w*,1440,1,0.00020,12.50,0.00406,250.00,1,70,0.015,30,60910.16,497.30,510.21,2.53,0:01:00.465968
2021_43*w*step1oldord1margin0.005per30,2021_43*w*,1440,1,0.00021,12.50,0.00411,250.00,1,70,0.005,30,61359.44,502.19,524.40,4.24,0:01:10.988585
2021_44*w*step1oldord1margin0.005per30,2021_44*w*,1440,1,0.00020,12.50,0.00407,250.00,1,70,0.005,30,63300.00,507.63,518.58,2.11,0:01:14.229898
2021_45*w*step1oldord5margin0.005per30,2021_45*w*,1440,1,0.00020,12.50,0.00395,250.00,5,70,0.005,30,65509.87,508.76,529.03,3.83,0:01:00.217723
2021_46*w*step7oldord5margin0.05per30,2021_46*w*,1440,7,0.00019,12.50,0.00381,250.00,5,70,0.050,30,58678.47,473.56,476.27,0.57,0:00:47.408234
2021_47*w*step1oldord5margin0.005per30,2021_47*w*,1440,1,0.00021,12.50,0.00426,250.00,5,70,0.005,30,57338.55,494.26,516.81,4.36,0:01:20.277838
2021_48*w*step5oldord1margin0.025per30,2021_48*w*,1440,5,0.00022,12.50,0.00436,250.00,1,70,0.025,30,49463.22,465.66,470.88,1.11,0:00:48.906659
2021_49*w*step1oldord5margin0.005per30,2021_49*w*,1440,1,0.00025,12.50,0.00505,250.00,5,70,0.005,30,50124.38,503.13,533.36,5.67,0:01:20.046073
2021_50*w*step1oldord1margin0.005per30,2021_50*w*,1440,1,0.00025,12.50,0.00499,250.00,1,70,0.005,30,46704.67,483.06,505.60,4.46,0:01:06.755217
2021_51*w*step7oldord1margin0.05per30,2021_51*w*,1440,7,0.00027,12.50,0.00536,250.00,1,70,0.050,30,50791.21,522.24,521.69,-0.11,0:00:39.766692
2021_52*w*step1oldord1margin0.005per30,2021_52*w*,1440,1,0.00025,12.50,0.00491,250.00,1,70,0.005,30,46241.12,477.04,487.88,2.22,0:00:46.956233
2022_01*w*step5oldord1margin0.025per30,2022_01*w*,1440,5,0.00026,12.50,0.00529,250.00,1,70,0.025,30,41875.81,471.52,470.25,-0.27,0:00:56.385309
2022_02*w*step1oldord1margin0.025per30,2022_02*w*,1440,1,0.00030,12.50,0.00598,250.00,1,70,0.025,30,43107.70,507.78,523.41,2.99,0:01:21.771841
2022_03*w*step5oldord5margin0.01per30,2022_03*w*,1440,5,0.00029,12.50,0.00580,250.00,5,70,0.010,30,36293.62,460.50,464.94,0.95,0:00:50.504588
2022_04*w*step1oldord1margin0.01per30,2022_04*w*,1440,1,0.00034,12.50,0.00690,250.00,1,70,0.010,30,37941.82,511.80,536.53,4.61,0:01:16.825654
2022_05*w*step3oldord5margin0.005per30,2022_05*w*,1440,3,0.00033,12.50,0.00659,250.00,5,70,0.005,30,42420.24,529.55,534.42,0.91,0:00:53.395949
2022_06*w*step1oldord1margin0.015per30,2022_06*w*,1440,1,0.00029,12.50,0.00588,250.00,1,70,0.015,30,42077.74,497.42,518.73,4.11,0:01:15.601217
2022_07*w*step1oldord5margin0.05per30,2022_07*w*,1440,1,0.00030,12.50,0.00594,250.00,5,70,0.050,30,38373.90,477.94,481.34,0.71,0:01:23.594590
2022_08*w*step1oldord1margin0.005per30,2022_08*w*,1440,1,0.00033,12.50,0.00651,250.00,1,70,0.005,30,37712.68,495.51,523.13,5.28,0:00:56.007705
2022_09*w*step3oldord1margin0.005per30,2022_09*w*,1440,3,0.00033,12.50,0.00663,250.00,1,70,0.005,30,38438.89,504.85,514.08,1.80,0:00:42.940491
2022_10*w*step3oldord5margin0.05per30,2022_10*w*,1440,3,0.00033,12.50,0.00651,250.00,5,70,0.050,30,37790.54,496.02,505.18,1.81,0:01:07.037449
2022_11*w*step5oldord5margin0.01per30,2022_11*w*,1440,5,0.00033,12.50,0.00662,250.00,5,70,0.010,30,41242.14,523.02,524.06,0.20,0:01:00.493593
2022_12*w*step7oldord1margin0.05per30,2022_12*w*,1440,7,0.00030,12.50,0.00605,250.00,1,70,0.050,30,46864.39,533.53,531.20,-0.44,0:00:54.001346
2022_13*w*step1oldord1margin0.015per30,2022_13*w*,1440,1,0.00027,12.50,0.00534,250.00,1,70,0.015,30,46401.57,497.78,520.46,4.36,0:01:19.740150
2022_14*w*step5oldord1margin0.01per30,2022_14*w*,1440,5,0.00027,12.50,0.00539,250.00,1,70,0.010,30,42133.85,477.10,478.51,0.29,0:00:52.731959
2022_15*w*step1oldord1margin0.025per30,2022_15*w*,1440,1,0.00030,12.50,0.00594,250.00,1,70,0.025,30,39691.27,485.77,490.96,1.06,0:01:03.936126
2022_16*w*step3oldord1margin0.02per30,2022_16*w*,1440,3,0.00032,12.50,0.00630,250.00,1,70,0.020,30,39467.40,498.64,518.77,3.88,0:00:55.400815
2022_17*w*step1oldord1margin0.005per30,2022_17*w*,1440,1,0.00032,12.50,0.00634,250.00,1,70,0.005,30,38488.34,494.02,513.10,3.72,0:01:01.135548
2022_18*w*step7oldord1margin0.05per30,2022_18*w*,1440,7,0.00032,12.50,0.00649,250.00,1,70,0.050,30,34025.50,470.83,469.37,-0.31,0:00:45.232784
2022_19*w*step3oldord5margin0.05per30,2022_19*w*,1440,3,0.00037,12.50,0.00734,250.00,5,70,0.050,30,31295.03,479.71,497.64,3.60,0:01:12.125281
2022_20*w*step1oldord1margin0.005per30,2022_20*w*,1440,1,0.00040,12.50,0.00799,250.00,1,70,0.005,30,30264.66,491.81,503.64,2.35,0:01:08.068654
2022_21*w*step1oldord1margin0.025per30,2022_21*w*,1440,1,0.00041,12.50,0.00826,250.00,1,70,0.025,30,29448.94,493.25,502.34,1.81,0:01:16.740926
2022_22*w*step1oldord5margin0.05per30,2022_22*w*,1440,1,0.00042,12.50,0.00849,250.00,5,70,0.050,30,29888.98,503.76,514.90,2.16,0:01:24.597370
2022_23*w*step1oldord1margin0.05per30,2022_23*w*,1440,1,0.00042,12.50,0.00836,250.00,1,70,0.050,30,26585.10,472.25,483.57,2.34,0:01:22.850303
2022_24*w*step5oldord5margin0.05per30,2022_24*w*,1440,5,0.00047,12.50,0.00940,250.00,5,70,0.050,30,20552.82,443.20,451.57,1.85,0:00:57.053048
2022_25*w*step1oldord1margin0.01per30,2022_25*w*,1440,1,0.00061,12.50,0.01217,250.00,1,70,0.010,30,21028.69,505.92,524.25,3.50,0:01:15.784906
2022_26*w*step3oldord5margin0.015per30,2022_26*w*,1440,3,0.00059,12.50,0.01189,250.00,5,70,0.015,30,19294.46,479.41,487.47,1.65,0:01:06.029812
2022_27*w*step5oldord5margin0.05per30,2022_27*w*,1440,5,0.00065,12.50,0.01296,250.00,5,70,0.050,30,20856.08,520.29,523.84,0.68,0:00:50.343836
2022_28*w*step1oldord5margin0.01per30,2022_28*w*,1440,1,0.00060,12.50,0.01200,250.00,5,70,0.010,30,20801.85,499.62,514.50,2.89,0:01:21.268357
2022_29*w*step1oldord5margin0.025per30,2022_29*w*,1440,1,0.00060,12.50,0.01203,250.00,5,70,0.025,30,22595.81,521.83,537.71,2.95,0:01:24.457494
2022_30*w*step3oldord5margin0.01per30,2022_30*w*,1440,3,0.00055,12.50,0.01107,250.00,5,70,0.010,30,21082.70,483.39,484.01,0.13,0:00:09.424580
2022_52*w*step1oldord1margin0.015per30,2022_52*w*,1440,1,0.00027,12.50,0.00541,250.00,1,70,0.015,30,47350.22,506.16,510.50,0.85,0:00:18.421420
2015_01*q*step5oldord25margin0.05per30,2015_01*q*,1440,5,0.03894,12.50,0.77882,250.00,25,70,0.050,30,244.24,440.22,464.18,5.16,0:14:53.128729
2015_02*q*step7oldord1margin0.01per30,2015_02*q*,1440,7,0.05118,12.50,1.02358,250.00,1,70,0.010,30,262.50,518.69,562.23,7.74,0:11:58.814139
2015_03*q*step3oldord1margin0.05per30,2015_03*q*,1440,3,0.04756,12.50,0.95129,250.00,1,70,0.050,30,236.20,474.69,508.91,6.72,0:13:37.643070
2015_04*q*step7oldord1margin0.05per30,2015_04*q*,1440,7,0.05296,12.50,1.05919,250.00,1,70,0.050,30,430.89,706.39,625.57,-12.92,0:15:40.935547
2016_01*q*step7oldord25margin0.05per30,2016_01*q*,1440,7,0.02901,12.50,0.58019,250.00,25,70,0.050,30,414.66,490.58,526.86,6.89,0:14:31.035659
2016_02*q*step7oldord1margin0.05per30,2016_02*q*,1440,7,0.03015,12.50,0.60305,250.00,1,70,0.050,30,667.95,652.81,609.53,-7.10,0:11:45.697006
2016_03*q*step3oldord1margin0.025per30,2016_03*q*,1440,3,0.01878,12.50,0.37556,250.00,1,70,0.025,30,608.23,478.43,492.35,2.83,0:12:51.788717
2016_04*q*step5oldord1margin0.05per30,2016_04*q*,1440,5,0.02055,12.50,0.41103,250.00,1,70,0.050,30,966.30,647.18,651.13,0.61,0:12:37.679776
2017_01*q*step1oldord12margin0.05per30,2017_01*q*,1440,1,0.01294,12.50,0.25871,250.00,12,70,0.050,30,1070.31,526.90,591.47,10.92,0:13:04.460203
2017_02*q*step1oldord1margin0.05per30,2017_02*q*,1440,1,0.01167,12.50,0.23346,250.00,1,70,0.050,30,2465.49,825.59,733.31,-12.58,0:15:02.800308
2017_03*q*step7oldord1margin0.05per30,2017_03*q*,1440,7,0.00508,12.50,0.10152,250.00,1,70,0.050,30,4326.09,689.18,723.13,4.69,0:12:00.790290
2017_04*q*step1oldord1margin0.05per30,2017_04*q*,1440,1,0.00289,12.50,0.05779,250.00,1,70,0.050,30,13880.00,1052.13,814.71,-29.14,0:14:31.504396
2018_01*q*step5oldord1margin0.005per30,2018_01*q*,1440,5,0.00090,12.50,0.01803,250.00,1,70,0.005,30,6928.62,374.92,348.50,-7.58,0:09:41.388337
2018_02*q*step7oldord1margin0.05per30,2018_02*q*,1440,7,0.00180,12.50,0.03605,250.00,1,70,0.050,30,6385.71,480.20,527.96,9.05,0:11:57.977876
2018_03*q*step3oldord25margin0.005per30,2018_03*q*,1440,3,0.00196,12.50,0.03912,250.00,25,70,0.005,30,6597.81,508.11,588.29,13.63,0:15:15.971775
2018_04*q*step1oldord1margin0.05per30,2018_04*q*,1440,1,0.00189,12.50,0.03789,250.00,1,70,0.050,30,3693.30,389.94,352.36,-10.67,0:15:13.784343
2019_01*q*step3oldord1margin0.02per30,2019_01*q*,1440,3,0.00338,12.50,0.06770,250.00,1,70,0.020,30,4096.08,527.30,581.28,9.29,0:10:52.308027
2019_02*q*step3oldord5margin0.05per30,2019_02*q*,1440,3,0.00305,12.50,0.06108,250.00,5,70,0.050,30,10760.10,907.23,699.66,-29.67,0:14:49.285099
2019_03*q*step1oldord12margin0.05per30,2019_03*q*,1440,1,0.00116,12.50,0.02323,250.00,12,70,0.050,30,8298.45,442.77,501.95,11.79,0:15:30.049465
2019_04*q*step1oldord25margin0.05per30,2019_04*q*,1440,1,0.00150,12.50,0.03005,250.00,25,70,0.050,30,7168.36,465.41,525.51,11.44,0:15:40.080408
2020_01*q*step7oldord1margin0.05per30,2020_01*q*,1440,7,0.00175,12.50,0.03492,250.00,1,70,0.050,30,6421.14,474.23,523.95,9.49,0:11:44.322046
2020_02*q*step5oldord12margin0.015per30,2020_02*q*,1440,5,0.00194,12.50,0.03886,250.00,12,70,0.015,30,9132.96,604.91,632.52,4.37,0:14:13.520575
2020_03*q*step5oldord12margin0.005per30,2020_03*q*,1440,5,0.00137,12.50,0.02737,250.00,12,70,0.005,30,10778.22,545.00,555.05,1.81,0:14:12.114369
2020_04*q*step1oldord1margin0.05per30,2020_04*q*,1440,1,0.00116,12.50,0.02318,250.00,1,70,0.050,30,28992.79,922.05,721.42,-27.81,0:15:11.065675
2021_01*q*step1oldord25margin0.025per30,2021_01*q*,1440,1,0.00043,12.50,0.00861,250.00,25,70,0.025,30,58782.58,756.12,1159.97,34.82,0:15:52.165508
2021_02*q*step1oldord12margin0.005per30,2021_02*q*,1440,1,0.00021,12.50,0.00425,250.00,12,70,0.005,30,35037.23,398.91,448.91,11.14,0:15:21.259182
2021_03*q*step3oldord1margin0.005per30,2021_03*q*,1440,3,0.00036,12.50,0.00714,250.00,1,70,0.005,30,43834.43,562.98,609.74,7.67,0:12:11.633706
2021_04*q*step1oldord1margin0.01per30,2021_04*q*,1440,1,0.00028,12.50,0.00570,250.00,1,70,0.010,30,46214.37,513.42,602.03,14.72,0:18:15.781538
2022_01*q*step7oldord25margin0.015per30,2022_01*q*,1440,7,0.00027,12.50,0.00541,250.00,25,70,0.015,30,45517.27,496.25,556.98,10.90,0:12:06.883849
2022_02*q*step1oldord5margin0.05per30,2022_02*q*,1440,1,0.00027,12.50,0.00549,250.00,5,70,0.050,30,19924.89,359.39,312.48,-15.01,0:15:12.206267
2022_03*q*step3oldord1margin0.02per30,2022_03*q*,1440,3,0.00063,12.50,0.01255,250.00,1,70,0.020,30,21082.70,514.59,549.53,6.36,0:02:01.996241
2015_01*hy*step7oldord5margin0.05per30,2015_01*hy*,1440,7,0.03894,12.50,0.77882,250.00,5,70,0.050,30,262.50,454.44,491.25,7.49,0:49:46.700874
2015_02*hy*step7oldord1margin0.05per30,2015_02*hy*,1440,7,0.04756,12.50,0.95129,250.00,1,70,0.050,30,430.89,659.90,619.10,-6.59,0:40:22.473736
2016_01*hy*step7oldord1margin0.025per30,2016_01*hy*,1440,7,0.02901,12.50,0.58019,250.00,1,70,0.025,30,667.95,637.54,763.17,16.46,0:32:01.675160
2016_02*hy*step5oldord1margin0.05per30,2016_02*hy*,1440,5,0.01878,12.50,0.37556,250.00,1,70,0.050,30,966.30,612.90,699.43,12.37,0:33:19.219649
2017_01*hy*step5oldord1margin0.05per30,2017_01*hy*,1440,5,0.01294,12.50,0.25871,250.00,1,70,0.050,30,2465.49,887.85,878.76,-1.03,0:32:32.439838
2017_02*hy*step1oldord1margin0.05per30,2017_02*hy*,1440,1,0.00508,12.50,0.10152,250.00,1,70,0.050,30,13880.00,1659.10,932.16,-77.98,0:37:52.851842
2018_01*hy*step5oldord1margin0.005per30,2018_01*hy*,1440,5,0.00090,12.50,0.01803,250.00,1,70,0.005,30,6385.71,365.13,326.77,-11.74,0:31:27.785581
2018_02*hy*step7oldord1margin0.025per30,2018_02*hy*,1440,7,0.00196,12.50,0.03912,250.00,1,70,0.025,30,3693.30,394.48,402.83,2.07,0:42:51.405771
2019_01*hy*step1oldord1margin0.05per30,2019_01*hy*,1440,1,0.00338,12.50,0.06770,250.00,1,70,0.050,30,10760.10,978.46,725.46,-34.87,0:45:23.305649
2019_02*hy*step1oldord25margin0.05per30,2019_02*hy*,1440,1,0.00116,12.50,0.02323,250.00,25,70,0.050,30,7168.36,416.52,494.01,15.69,0:45:27.567387
2020_01*hy*step5oldord1margin0.01per30,2020_01*hy*,1440,5,0.00175,12.50,0.03492,250.00,1,70,0.010,30,9132.96,568.92,651.10,12.62,0:32:23.767812
2020_02*hy*step1oldord1margin0.05per30,2020_02*hy*,1440,1,0.00137,12.50,0.02737,250.00,1,70,0.050,30,28992.79,1043.53,803.88,-29.81,0:53:11.685241
2021_01*hy*step1oldord12margin0.01per30,2021_01*hy*,1440,1,0.00043,12.50,0.00861,250.00,12,70,0.010,30,35037.23,551.67,1015.59,45.68,0:53:11.292244
2021_02*hy*step1oldord1margin0.01per30,2021_02*hy*,1440,1,0.00036,12.50,0.00714,250.00,1,70,0.010,30,46214.37,579.97,660.98,12.26,0:37:06.743888
2022_01*hy*step1oldord1margin0.005per30,2022_01*hy*,1440,1,0.00027,12.50,0.00541,250.00,1,70,0.005,30,19924.89,357.79,314.45,-13.78,0:35:54.386738
2022_02*hy*step3oldord1margin0.02per30,2022_02*hy*,1440,3,0.00063,12.50,0.01255,250.00,1,70,0.020,30,21082.70,514.59,549.53,6.36,0:02:50.497599
2015_01*m*step7oldord5margin0.05per30,2015_01*m*,1440,7,0.03894,12.50,0.77882,250.00,5,70,0.050,30,216.90,418.93,412.57,-1.54,0:05:40.922209
2015_02*m*step1oldord12margin0.02per30,2015_02*m*,1440,1,0.05733,12.50,1.14658,250.00,12,70,0.020,30,253.47,540.62,571.57,5.41,0:04:27.710724
2015_03*m*step3oldord1margin0.05per30,2015_03*m*,1440,3,0.04932,12.50,0.98639,250.00,1,70,0.050,30,244.24,490.92,517.29,5.10,0:04:30.424190
2015_04*m*step1oldord12margin0.05per30,2015_04*m*,1440,1,0.05118,12.50,1.02358,250.00,12,70,0.050,30,236.20,491.77,521.76,5.75,0:05:38.275708
2015_05*m*step1oldord5margin0.005per30,2015_05*m*,1440,1,0.05284,12.50,1.05686,250.00,5,70,0.005,30,228.91,491.93,528.91,6.99,0:04:59.603249
2015_06*m*step7oldord1margin0.005per30,2015_06*m*,1440,7,0.05461,12.50,1.09213,250.00,1,70,0.005,30,262.50,536.68,545.36,1.59,0:04:16.708899
2015_07*m*step1oldord5margin0.025per30,2015_07*m*,1440,1,0.04756,12.50,0.95129,250.00,5,70,0.025,30,284.33,520.48,535.14,2.74,0:06:55.513858
2015_08*m*step5oldord1margin0.05per30,2015_08*m*,1440,5,0.04396,12.50,0.87926,250.00,1,70,0.050,30,229.86,452.11,450.92,-0.26,0:05:00.049970
2015_09*m*step1oldord12margin0.005per30,2015_09*m*,1440,1,0.05429,12.50,1.08578,250.00,12,70,0.005,30,236.20,506.46,526.83,3.87,0:04:48.359789
2015_10*m*step3oldord1margin0.05per30,2015_10*m*,1440,3,0.05296,12.50,1.05919,250.00,1,70,0.050,30,310.18,578.54,577.57,-0.17,0:05:30.391666
2015_11*m*step5oldord12margin0.05per30,2015_11*m*,1440,5,0.04025,12.50,0.80505,250.00,12,70,0.050,30,376.71,553.27,580.33,4.66,0:05:10.908257
2015_12*m*step5oldord1margin0.05per30,2015_12*m*,1440,5,0.03317,12.50,0.66344,250.00,1,70,0.050,30,430.89,535.87,545.51,1.77,0:03:35.773709
2016_01*m*step3oldord5margin0.05per30,2016_01*m*,1440,3,0.02901,12.50,0.58019,250.00,5,70,0.050,30,368.49,463.79,473.76,2.10,0:04:48.968605
2016_02*m*step1oldord1margin0.02per30,2016_02*m*,1440,1,0.03389,12.50,0.67783,250.00,1,70,0.020,30,435.23,545.01,550.86,1.06,0:04:58.682292
2016_03*m*step5oldord1margin0.02per30,2016_03*m*,1440,5,0.02862,12.50,0.57241,250.00,1,70,0.020,30,414.66,487.36,503.11,3.13,0:03:43.297757
2016_04*m*step1oldord5margin0.05per30,2016_04*m*,1440,1,0.03015,12.50,0.60305,250.00,5,70,0.050,30,448.37,520.39,531.80,2.15,0:06:16.346879
2016_05*m*step5oldord1margin0.01per30,2016_05*m*,1440,5,0.02788,12.50,0.55758,250.00,1,70,0.010,30,531.84,546.54,570.46,4.19,0:04:37.357832
2016_06*m*step7oldord1margin0.05per30,2016_06*m*,1440,7,0.02350,12.50,0.47007,250.00,1,70,0.050,30,667.95,563.98,565.72,0.31,0:04:22.189040
2016_07*m*step1oldord1margin0.025per30,2016_07*m*,1440,1,0.01878,12.50,0.37556,250.00,1,70,0.025,30,623.83,484.29,503.01,3.72,0:05:48.519066
2016_08*m*step3oldord5margin0.01per30,2016_08*m*,1440,3,0.02004,12.50,0.40075,250.00,5,70,0.010,30,570.75,478.73,491.95,2.69,0:06:03.599866
2016_09*m*step3oldord1margin0.01per30,2016_09*m*,1440,3,0.02190,12.50,0.43807,250.00,1,70,0.010,30,608.23,516.45,523.04,1.26,0:05:11.413725
2016_10*m*step5oldord1margin0.015per30,2016_10*m*,1440,5,0.02055,12.50,0.41103,250.00,1,70,0.015,30,697.01,536.49,541.68,0.96,0:03:52.550846
2016_11*m*step1oldord12margin0.01per30,2016_11*m*,1440,1,0.01793,12.50,0.35866,250.00,12,70,0.010,30,742.06,516.15,545.38,5.36,0:06:34.885290
2016_12*m*step1oldord1margin0.015per30,2016_12*m*,1440,1,0.01684,12.50,0.33690,250.00,1,70,0.015,30,966.30,575.55,568.94,-1.16,0:05:05.508375
2017_01*m*step3oldord1margin0.025per30,2017_01*m*,1440,3,0.01294,12.50,0.25871,250.00,1,70,0.025,30,963.99,499.39,535.72,6.78,0:05:22.356678
2017_02*m*step1oldord1margin0.05per30,2017_02*m*,1440,1,0.01297,12.50,0.25934,250.00,1,70,0.050,30,1191.21,558.93,583.69,4.24,0:06:05.769984
2017_03*m*step1oldord12margin0.005per30,2017_03*m*,1440,1,0.01050,12.50,0.21005,250.00,12,70,0.005,30,1070.31,474.82,542.06,12.40,0:06:44.593587
2017_04*m*step1oldord1margin0.02per30,2017_04*m*,1440,1,0.01167,12.50,0.23346,250.00,1,70,0.020,30,1350.21,565.22,572.11,1.20,0:05:36.958772
2017_05*m*step1oldord1margin0.05per30,2017_05*m*,1440,1,0.00925,12.50,0.18493,250.00,1,70,0.050,30,2298.01,674.97,647.48,-4.25,0:04:54.121027
2017_06*m*step1oldord12margin0.05per30,2017_06*m*,1440,1,0.00543,12.50,0.10864,250.00,12,70,0.050,30,2465.49,517.85,563.39,8.08,0:05:54.319522
2017_07*m*step5oldord1margin0.05per30,2017_07*m*,1440,5,0.00508,12.50,0.10152,250.00,1,70,0.050,30,2855.81,539.92,580.47,6.99,0:04:36.928461
2017_08*m*step1oldord1margin0.05per30,2017_08*m*,1440,1,0.00438,12.50,0.08761,250.00,1,70,0.050,30,4734.26,664.77,633.09,-5.00,0:06:08.946381
2017_09*m*step7oldord1margin0.025per30,2017_09*m*,1440,7,0.00264,12.50,0.05285,250.00,1,70,0.025,30,4326.09,478.63,511.78,6.48,0:04:05.513712
2017_10*m*step7oldord1margin0.005per30,2017_10*m*,1440,7,0.00289,12.50,0.05779,250.00,1,70,0.005,30,6434.21,621.83,593.81,-4.72,0:04:06.053672
2017_11*m*step5oldord12margin0.05per30,2017_11*m*,1440,5,0.00194,12.50,0.03890,250.00,12,70,0.050,30,9947.67,636.96,624.67,-1.97,0:04:20.888196
2017_12*m*step7oldord1margin0.01per30,2017_12*m*,1440,7,0.00126,12.50,0.02515,250.00,1,70,0.010,30,13880.00,599.08,625.42,4.21,0:04:09.769826
2018_01*m*step5oldord1margin0.01per30,2018_01*m*,1440,5,0.00090,12.50,0.01803,250.00,1,70,0.010,30,10149.00,432.99,453.73,4.57,0:04:05.952596
2018_02*m*step3oldord1margin0.025per30,2018_02*m*,1440,3,0.00123,12.50,0.02465,250.00,1,70,0.025,30,10314.90,504.26,585.38,13.86,0:03:50.374839
2018_03*m*step7oldord1margin0.005per30,2018_03*m*,1440,7,0.00121,12.50,0.02426,250.00,1,70,0.005,30,6928.62,418.09,420.93,0.67,0:04:08.817716
2018_04*m*step7oldord1margin0.05per30,2018_04*m*,1440,7,0.00180,12.50,0.03605,250.00,1,70,0.050,30,9242.17,583.18,587.77,0.78,0:02:04.683561
2018_05*m*step1oldord1margin0.05per30,2018_05*m*,1440,1,0.00135,12.50,0.02705,250.00,1,70,0.050,30,7492.28,452.67,456.65,0.87,0:06:06.383736
2018_06*m*step3oldord1margin0.005per30,2018_06*m*,1440,3,0.00167,12.50,0.03339,250.00,1,70,0.005,30,6385.71,463.22,478.04,3.10,0:02:14.651997
2018_07*m*step7oldord1margin0.005per30,2018_07*m*,1440,7,0.00196,12.50,0.03912,250.00,1,70,0.005,30,7725.43,552.22,559.43,1.29,0:02:02.824245
2018_08*m*step1oldord1margin0.005per30,2018_08*m*,1440,1,0.00162,12.50,0.03234,250.00,1,70,0.005,30,7017.35,476.94,504.64,5.49,0:04:24.548538
2018_09*m*step3oldord1margin0.005per30,2018_09*m*,1440,3,0.00178,12.50,0.03564,250.00,1,70,0.005,30,6597.81,485.15,514.96,5.79,0:02:16.651934
2018_10*m*step3oldord12margin0.01per30,2018_10*m*,1440,3,0.00189,12.50,0.03789,250.00,12,70,0.010,30,6303.27,488.83,504.00,3.01,0:06:21.949327
2018_11*m*step7oldord1margin0.02per30,2018_11*m*,1440,7,0.00198,12.50,0.03965,250.00,1,70,0.020,30,3971.06,407.45,372.07,-9.51,0:02:02.261761
2018_12*m*step3oldord1margin0.05per30,2018_12*m*,1440,3,0.00315,12.50,0.06291,250.00,1,70,0.050,30,3693.30,482.35,514.55,6.26,0:04:40.086949
2019_01*m*step3oldord5margin0.005per30,2019_01*m*,1440,3,0.00338,12.50,0.06770,250.00,5,70,0.005,30,3413.11,481.07,506.02,4.93,0:02:57.075196
2019_02*m*step5oldord1margin0.01per30,2019_02*m*,1440,5,0.00366,12.50,0.07322,250.00,1,70,0.010,30,3791.36,527.60,529.82,0.42,0:03:01.185299
2019_03*m*step1oldord1margin0.015per30,2019_03*m*,1440,1,0.00330,12.50,0.06593,250.00,1,70,0.015,30,4096.08,520.05,546.33,4.81,0:05:39.916223
2019_04*m*step5oldord5margin0.05per30,2019_04*m*,1440,5,0.00305,12.50,0.06108,250.00,5,70,0.050,30,5269.00,571.83,583.37,1.98,0:05:51.686783
2019_05*m*step1oldord1margin0.025per30,2019_05*m*,1440,1,0.00237,12.50,0.04746,250.00,1,70,0.025,30,8547.20,655.65,597.49,-9.73,0:06:06.877987
2019_06*m*step7oldord1margin0.025per30,2019_06*m*,1440,7,0.00146,12.50,0.02925,250.00,1,70,0.025,30,10760.10,564.73,583.76,3.26,0:02:21.404220
2019_07*m*step3oldord1margin0.005per30,2019_07*m*,1440,3,0.00116,12.50,0.02323,250.00,1,70,0.005,30,10085.34,484.28,551.20,12.14,0:02:24.453327
2019_08*m*step5oldord1margin0.01per30,2019_08*m*,1440,5,0.00124,12.50,0.02475,250.00,1,70,0.010,30,9594.15,487.46,508.30,4.10,0:02:09.279901
2019_09*m*step5oldord1margin0.02per30,2019_09*m*,1440,5,0.00130,12.50,0.02606,250.00,1,70,0.020,30,8298.45,466.26,485.29,3.92,0:02:09.625025
2019_10*m*step3oldord1margin0.025per30,2019_10*m*,1440,3,0.00150,12.50,0.03005,250.00,1,70,0.025,30,9150.07,524.96,567.03,7.42,0:04:48.501782
2019_11*m*step7oldord1margin0.015per30,2019_11*m*,1440,7,0.00136,12.50,0.02730,250.00,1,70,0.015,30,7550.67,456.13,459.79,0.80,0:04:04.807141
2019_12*m*step1oldord12margin0.05per30,2019_12*m*,1440,1,0.00165,12.50,0.03308,250.00,12,70,0.050,30,7168.36,487.13,526.25,7.43,0:05:44.570987
2020_01*m*step3oldord1margin0.025per30,2020_01*m*,1440,3,0.00175,12.50,0.03492,250.00,1,70,0.025,30,9327.85,575.73,559.18,-2.96,0:03:57.300080
2020_02*m*step3oldord1margin0.05per30,2020_02*m*,1440,3,0.00134,12.50,0.02676,250.00,1,70,0.050,30,8527.74,478.20,499.03,4.17,0:04:54.088961
2020_03*m*step5oldord1margin0.005per30,2020_03*m*,1440,5,0.00146,12.50,0.02928,250.00,1,70,0.005,30,6421.14,438.01,472.48,7.30,0:04:24.959249
2020_04*m*step5oldord1margin0.01per30,2020_04*m*,1440,5,0.00194,12.50,0.03886,250.00,1,70,0.010,30,8627.32,585.26,576.19,-1.57,0:03:47.272077
2020_05*m*step1oldord12margin0.01per30,2020_05*m*,1440,1,0.00145,12.50,0.02896,250.00,12,70,0.010,30,9446.19,523.56,617.58,15.22,0:03:16.462345
2020_06*m*step1oldord1margin0.015per30,2020_06*m*,1440,1,0.00132,12.50,0.02649,250.00,1,70,0.015,30,9132.96,491.93,528.99,7.01,0:03:00.290999
2020_07*m*step7oldord1margin0.05per30,2020_07*m*,1440,7,0.00137,12.50,0.02737,250.00,1,70,0.050,30,11356.74,560.83,553.48,-1.33,0:03:26.053454
2020_08*m*step1oldord5margin0.005per30,2020_08*m*,1440,1,0.00110,12.50,0.02199,250.00,5,70,0.005,30,11655.00,506.29,548.04,7.62,0:03:15.040516
2020_09*m*step5oldord12margin0.005per30,2020_09*m*,1440,5,0.00107,12.50,0.02143,250.00,12,70,0.005,30,10778.22,480.98,498.19,3.45,0:02:47.135177
2020_10*m*step7oldord1margin0.05per30,2020_10*m*,1440,7,0.00116,12.50,0.02318,250.00,1,70,0.050,30,13816.08,570.26,565.38,-0.86,0:02:13.136284
2020_11*m*step1oldord1margin0.05per30,2020_11*m*,1440,1,0.00091,12.50,0.01817,250.00,1,70,0.050,30,19700.19,607.95,586.38,-3.68,0:03:07.462639
2020_12*m*step7oldord1margin0.025per30,2020_12*m*,1440,7,0.00063,12.50,0.01268,250.00,1,70,0.025,30,28992.79,617.63,618.42,0.13,0:02:10.370750
2021_01*m*step1oldord12margin0.01per30,2021_01*m*,1440,1,0.00043,12.50,0.00861,250.00,12,70,0.010,30,46241.12,648.14,982.37,34.02,0:05:53.273441
2021_02*m*step7oldord1margin0.015per30,2021_02*m*,1440,7,0.00038,12.50,0.00756,250.00,1,70,0.015,30,45240.96,592.02,572.12,-3.48,0:03:42.932723
2021_03*m*step3oldord5margin0.015per30,2021_03*m*,1440,3,0.00028,12.50,0.00552,250.00,5,70,0.015,30,58782.58,574.48,598.59,4.03,0:06:07.423960
2021_04*m*step5oldord1margin0.015per30,2021_04*m*,1440,5,0.00021,12.50,0.00425,250.00,1,70,0.015,30,57775.27,495.54,547.88,9.55,0:02:08.073950
2021_05*m*step1oldord1margin0.025per30,2021_05*m*,1440,1,0.00022,12.50,0.00433,250.00,1,70,0.025,30,37341.41,411.69,390.11,-5.53,0:03:04.931472
2021_06*m*step1oldord12margin0.01per30,2021_06*m*,1440,1,0.00034,12.50,0.00672,250.00,12,70,0.010,30,35037.23,485.45,548.32,11.47,0:03:10.478167
2021_07*m*step5oldord1margin0.015per30,2021_07*m*,1440,5,0.00036,12.50,0.00714,250.00,1,70,0.015,30,41490.13,546.24,564.83,3.29,0:02:13.964382
2021_08*m*step3oldord5margin0.015per30,2021_08*m*,1440,3,0.00030,12.50,0.00602,250.00,5,70,0.015,30,47156.09,533.88,568.25,6.05,0:05:58.430912
2021_09*m*step3oldord1margin0.015per30,2021_09*m*,1440,3,0.00027,12.50,0.00531,250.00,1,70,0.015,30,43834.43,482.76,533.51,9.51,0:02:16.417429
2021_10*m*step1oldord1margin0.015per30,2021_10*m*,1440,1,0.00028,12.50,0.00570,250.00,1,70,0.015,30,61359.44,599.75,607.76,1.32,0:06:08.496135
2021_11*m*step5oldord5margin0.005per30,2021_11*m*,1440,5,0.00020,12.50,0.00407,250.00,5,70,0.005,30,56974.12,481.88,513.04,6.07,0:02:31.088630
2021_12*m*step1oldord1margin0.005per30,2021_12*m*,1440,1,0.00022,12.50,0.00439,250.00,1,70,0.005,30,46214.37,452.88,474.33,4.52,0:02:58.996384
2022_01*m*step1oldord1margin0.01per30,2022_01*m*,1440,1,0.00027,12.50,0.00541,250.00,1,70,0.010,30,38491.92,458.24,503.66,9.02,0:03:09.156501
2022_02*m*step7oldord5margin0.05per30,2022_02*m*,1440,7,0.00032,12.50,0.00650,250.00,5,70,0.050,30,43178.98,530.66,579.78,8.47,0:04:50.955666
2022_03*m*step5oldord1margin0.005per30,2022_03*m*,1440,5,0.00029,12.50,0.00578,250.00,1,70,0.005,30,45517.27,513.09,540.82,5.13,0:03:15.066860
2022_04*m*step1oldord1margin0.02per30,2022_04*m*,1440,1,0.00027,12.50,0.00549,250.00,1,70,0.020,30,37639.80,456.64,469.53,2.75,0:02:57.072350
2022_05*m*step7oldord1margin0.05per30,2022_05*m*,1440,7,0.00033,12.50,0.00664,250.00,1,70,0.050,30,31762.76,460.90,474.63,2.89,0:03:56.491472
2022_06*m*step7oldord1margin0.05per30,2022_06*m*,1440,7,0.00039,12.50,0.00786,250.00,1,70,0.050,30,19924.89,406.61,392.54,-3.58,0:04:09.924176
2022_07*m*step3oldord1margin0.02per30,2022_07*m*,1440,3,0.00063,12.50,0.01255,250.00,1,70,0.020,30,21082.70,514.59,549.53,6.36,0:02:51.799323
2015*y*step5oldord1margin0.05per30,2015*y*,1440,5,0.03894,12.50,0.77882,250.00,1,70,0.050,30,430.89,585.59,739.97,20.86,1:38:36.148493
2016*y*step3oldord1margin0.05per30,2016*y*,1440,3,0.02901,12.50,0.58019,250.00,1,70,0.050,30,966.30,810.64,865.52,6.34,1:51:04.824222
2017*y*step1oldord5margin0.025per30,2017*y*,1440,1,0.01294,12.50,0.25871,250.00,5,70,0.025,30,13880.00,3840.89,1190.90,-222.52,2:12:22.641414
2018*y*step1oldord25margin0.05per30,2018*y*,1440,1,0.00090,12.50,0.01803,250.00,25,70,0.050,30,3693.30,316.59,223.42,-41.70,2:02:01.768082
2019*y*step1oldord1margin0.05per30,2019*y*,1440,1,0.00338,12.50,0.06770,250.00,1,70,0.050,30,7168.36,735.30,751.13,2.11,2:07:47.489034
2020*y*step1oldord1margin0.05per30,2020*y*,1440,1,0.00175,12.50,0.03492,250.00,1,70,0.050,30,28992.79,1262.43,898.63,-40.48,1:56:31.457558
2021*y*step1oldord12margin0.01per30,2021*y*,1440,1,0.00043,12.50,0.00861,250.00,12,70,0.010,30,46241.12,648.14,826.05,21.54,2:20:31.140657
2022*y*step1oldord5margin0.05per30,2022*y*,1440,1,0.00027,12.50,0.00541,250.00,5,70,0.050,30,21082.70,364.06,330.63,-10.11,0:59:29.680626